date,open,high,close,low,volume,price_change,p_change,ma5,ma10,ma20,vol_ma5,vol_ma10,vol_ma20,turnover_rate
2021-12-03,1932.0,1988.62,1971.88,1931.05,35818.39,37.88,1.96,1950.928,1934.338,1861.771,32363.76,37709.45,31570.75,0.29
2021-12-02,1940.0,1942.15,1934.0,1919.6,20421.82,1.01,0.05,1944.754,1919.991,1854.174,31731.2,37243.17,31133.69,0.16
2021-12-01,1950.0,1959.95,1932.99,1919.02,26254.4,2.22,0.12,1949.16,1905.791,1847.684,35597.41,37153.08,31669.12,0.21
2021-11-30,1985.4,1989.9,1930.77,1927.5,36924.87,-54.23,-2.73,1950.762,1891.992,1839.284,41249.0,36978.18,31747.87,0.29
2021-11-29,1960.0,1990.0,1985.0,1951.08,42399.34,43.99,2.27,1943.894,1879.715,1832.978,43020.47,36638.32,31526.63,0.34
2021-11-26,1964.83,1967.0,1941.01,1925.0,32655.57,-15.02,-0.77,1917.748,1857.329,1823.878,43055.14,34893.12,31491.17,0.26
2021-11-25,1953.0,1986.2,1956.03,1946.25,39752.88,15.03,0.77,1895.228,1840.606,1818.131,42755.14,33388.23,31297.18,0.32
2021-11-24,1900.0,1966.0,1941.0,1897.0,54512.35,44.57,2.35,1862.422,1821.963,1811.604,38708.74,31678.13,30784.08,0.43
2021-11-23,1852.0,1917.0,1896.43,1852.0,45782.2,42.16,2.27,1833.222,1803.262,1805.504,32707.36,29761.77,29790.83,0.36
2021-11-22,1849.0,1909.0,1854.27,1848.0,42572.68,25.86,1.41,1815.536,1792.62,1803.735,30256.17,27918.74,28558.23,0.34
2021-11-19,1794.19,1849.0,1828.41,1788.2,31155.59,36.41,2.03,1796.91,1789.203,1804.673,26731.11,25432.04,28052.67,0.25
2021-11-18,1781.22,1807.0,1792.0,1770.0,19520.89,-3.0,-0.17,1785.984,1788.356,1808.303,24021.31,25024.21,28293.02,0.16
2021-11-17,1805.0,1820.5,1795.0,1790.01,24505.46,-13.0,-0.72,1781.504,1789.576,1810.903,24647.51,26185.16,28467.91,0.2
2021-11-16,1768.0,1818.0,1808.0,1765.0,33526.24,46.86,2.66,1773.302,1786.576,1813.203,26816.17,26517.55,28675.8,0.27
2021-11-15,1773.68,1784.0,1761.14,1750.0,24947.35,-12.64,-0.71,1769.704,1786.24,1813.412,25581.31,26414.95,29015.22,0.2
2021-11-12,1778.0,1785.05,1773.78,1766.66,17606.63,4.18,0.24,1781.496,1790.426,1815.355,24132.98,28089.21,31250.45,0.14
2021-11-11,1752.93,1769.6,1769.6,1741.5,22651.87,15.61,0.89,1790.728,1795.656,1822.514,26027.1,29206.13,31798.16,0.18
2021-11-10,1790.01,1795.0,1753.99,1735.0,35348.77,-36.02,-2.01,1797.648,1801.245,1829.584,27722.81,29890.04,31996.69,0.28
2021-11-09,1819.98,1827.87,1790.01,1782.0,27351.92,-30.09,-1.65,1799.85,1807.746,1838.38,26218.92,29819.89,32736.39,0.22
2021-11-08,1820.0,1830.8,1820.1,1802.05,17705.72,0.16,0.01,1802.776,1814.85,1842.429,27248.59,29197.73,32899.11,0.14
2021-11-05,1804.21,1844.99,1819.94,1804.21,27077.23,15.74,0.87,1799.356,1820.143,1844.78,32045.44,30673.29,33897.6,0.22
2021-11-04,1777.94,1816.0,1804.2,1769.42,31130.43,39.2,2.22,1800.584,1828.249,1845.763,32385.16,31561.82,34916.34,0.25
2021-11-03,1800.0,1809.98,1765.0,1761.19,27829.31,-39.64,-2.2,1804.842,1832.229,1847.053,32057.26,30750.65,35386.78,0.22
2021-11-02,1796.7,1844.22,1804.64,1788.0,32500.24,1.64,0.09,1815.642,1839.829,1849.803,33420.86,30834.06,36159.85,0.26
2021-11-01,1780.0,1826.3,1803.0,1760.0,41689.98,-23.08,-1.26,1826.924,1840.583,1850.674,31146.86,31615.49,36995.89,0.33
2021-10-29,1825.0,1848.0,1826.08,1813.0,28775.86,0.59,0.03,1840.93,1840.283,1853.274,29301.13,34411.69,41254.84,0.23
2021-10-28,1825.2,1843.78,1825.49,1802.0,29490.93,6.49,0.36,1855.914,1849.372,1846.67,30738.48,34390.19,43292.87,0.23
2021-10-27,1852.3,1858.3,1819.0,1800.1,34647.29,-42.05,-2.26,1859.616,1857.923,1837.145,29444.04,34103.35,43335.42,0.28
2021-10-26,1864.03,1878.99,1861.05,1844.0,21130.26,-11.98,-0.64,1864.016,1869.013,1828.08,28247.26,35652.88,43190.2,0.17
2021-10-25,1880.0,1885.01,1873.03,1858.0,32461.33,-27.97,-1.47,1854.242,1870.007,1819.327,32084.12,36600.5,44890.2,0.26
2021-10-22,1855.0,1921.01,1901.0,1854.0,35962.6,57.0,3.09,1839.636,1869.416,1807.579,39522.25,37121.92,45565.54,0.29
2021-10-21,1841.1,1860.0,1844.0,1829.0,23018.7,3.0,0.16,1842.83,1863.276,1793.316,38041.89,38270.86,45845.91,0.18
2021-10-20,1833.0,1849.8,1841.0,1806.01,28663.39,28.82,1.59,1856.23,1861.876,1783.966,38762.66,40022.92,46383.01,0.23
2021-10-19,1800.0,1838.8,1812.18,1799.88,40314.56,12.18,0.68,1874.01,1859.776,1774.616,43058.5,41485.64,46335.84,0.32
2021-10-18,1888.0,1888.0,1800.0,1787.0,69652.02,-116.97,-6.1,1885.772,1860.764,1767.136,41116.88,42376.29,45989.51,0.55
2021-10-15,1890.1,1929.99,1916.97,1890.1,28560.78,5.97,0.31,1899.196,1866.264,1758.84,34721.59,48097.98,43504.42,0.23
2021-10-14,1928.93,1941.8,1911.0,1896.0,26622.55,-18.9,-0.98,1883.722,1843.967,1744.647,38499.82,52195.56,43729.56,0.21
2021-10-13,1870.0,1949.95,1929.9,1862.0,50142.61,58.91,3.15,1867.522,1816.367,1732.547,41283.17,52567.49,43959.0,0.4
2021-10-12,1866.0,1877.0,1870.99,1842.42,30606.42,3.87,0.21,1845.542,1787.146,1719.585,39912.78,50727.53,44218.77,0.24
2021-10-11,1839.51,1889.9,1867.12,1831.01,37675.57,27.52,1.5,1835.756,1768.647,1708.947,43635.7,53179.91,45330.21,0.3
2021-10-08,1822.42,1878.0,1839.6,1807.23,47451.96,9.6,0.53,1833.332,1745.742,1696.531,61474.37,54009.16,45588.27,0.38
2021-09-30,1818.18,1850.22,1830.0,1803.4,40539.29,10.0,0.55,1804.212,1723.356,1685.651,65891.3,53420.96,47081.48,0.32
2021-09-29,1809.0,1845.01,1820.0,1785.9,43290.65,-2.06,-0.11,1765.212,1706.056,1672.051,63851.81,52743.1,47238.37,0.34
2021-09-28,1848.0,1860.0,1822.06,1795.0,49221.05,-32.94,-1.78,1728.75,1689.456,1660.351,61542.28,51186.03,47653.22,0.39
2021-09-27,1750.0,1863.4,1855.0,1750.0,126868.92,161.0,9.5,1701.538,1673.508,1649.05,62724.12,49602.74,46996.94,1.01
2021-09-24,1628.0,1719.98,1694.0,1628.0,69536.6,59.0,3.61,1658.152,1651.416,1636.05,46543.94,38910.86,43354.51,0.55
2021-09-23,1638.0,1655.88,1635.0,1625.08,30341.81,-2.69,-0.16,1642.5,1645.326,1634.601,40950.63,35263.57,42589.63,0.24
2021-09-22,1658.83,1688.0,1637.69,1635.0,31743.0,-48.31,-2.87,1646.9,1648.726,1634.11,41634.39,35350.51,44702.26,0.25
2021-09-17,1620.0,1705.6,1686.0,1620.0,55130.25,47.93,2.93,1650.162,1652.024,1630.735,40829.79,37710.01,46694.97,0.44
2021-09-16,1603.0,1644.0,1638.07,1585.0,45968.02,22.33,1.38,1645.478,1649.246,1623.835,36481.36,37480.51,49665.68,0.37
2021-09-15,1650.0,1660.0,1615.74,1610.0,41570.05,-41.26,-2.49,1644.68,1647.319,1622.93,31277.78,37167.38,49431.88,0.33
2021-09-14,1659.0,1683.0,1657.0,1653.0,33760.61,3.0,0.18,1648.152,1647.946,1623.143,29576.51,40741.99,50351.89,0.27
2021-09-13,1665.0,1684.0,1654.0,1640.1,27720.02,-8.58,-0.52,1650.552,1638.046,1622.043,29066.63,41733.64,51723.9,0.22
2021-09-10,1634.08,1668.8,1662.58,1633.0,33388.11,28.5,1.74,1653.886,1631.246,1624.303,34590.24,44120.41,51740.75,0.27
2021-09-09,1626.0,1645.0,1634.08,1624.01,19950.13,0.98,0.06,1653.014,1624.591,1626.176,38479.65,44391.14,51966.57,0.16
2021-09-08,1660.0,1671.18,1633.1,1628.08,33063.67,-35.9,-2.15,1649.958,1620.683,1628.972,43056.98,47798.16,53346.61,0.26
2021-09-07,1661.03,1684.48,1669.0,1651.0,31211.22,-1.67,-0.1,1647.74,1623.875,1634.842,51907.47,49915.69,53626.56,0.25
2021-09-06,1649.0,1708.16,1670.67,1626.15,55338.06,12.45,0.75,1625.54,1619.493,1641.342,54400.64,54054.01,56230.25,0.44
2021-09-03,1610.02,1659.79,1658.22,1582.0,52835.18,39.42,2.44,1608.606,1609.445,1642.498,53650.57,55679.93,55848.23,0.42
2021-09-02,1632.99,1643.0,1618.8,1600.89,42836.79,-3.21,-0.2,1596.168,1598.423,1643.137,50302.63,61850.86,55490.78,0.34
2021-09-01,1559.0,1634.99,1622.01,1531.1,77316.1,64.01,4.11,1591.408,1598.54,1647.147,52539.34,61696.38,55751.92,0.62
2021-08-31,1589.8,1616.35,1558.0,1555.1,43677.09,-28.0,-1.76,1600.01,1598.339,1652.247,47923.9,59961.79,53794.89,0.35
2021-08-30,1605.0,1613.0,1586.0,1545.95,51587.7,-10.03,-0.63,1613.446,1606.039,1661.812,53707.38,61714.16,54329.77,0.41
2021-08-27,1589.0,1625.0,1596.03,1584.1,36095.45,1.03,0.07,1610.284,1617.359,1670.262,57709.28,59361.09,56620.42,0.29
2021-08-26,1664.99,1664.99,1595.0,1594.72,54020.37,-70.02,-4.21,1600.678,1627.76,1674.41,73399.1,59542.0,58702.44,0.43
2021-08-25,1647.64,1680.87,1665.02,1643.0,54238.9,39.84,2.45,1605.672,1637.26,1682.149,70853.41,58895.06,59194.62,0.43
2021-08-24,1575.0,1642.55,1625.18,1565.77,72594.47,54.99,3.5,1596.668,1645.808,1687.343,71999.68,57337.42,60751.12,0.58
2021-08-23,1537.88,1599.0,1570.19,1536.77,71597.2,22.19,1.43,1598.632,1663.19,1691.729,69720.94,58406.48,61450.24,0.57
2021-08-20,1555.17,1597.55,1548.0,1525.5,114544.54,-71.97,-4.44,1624.434,1675.551,1703.425,61012.9,56016.54,62801.36,0.91
2021-08-19,1622.22,1643.2,1619.97,1600.0,41291.95,-0.03,-0.0,1654.842,1687.851,1721.025,45684.89,49130.69,59453.4,0.33
2021-08-18,1624.66,1642.99,1620.0,1600.0,59970.26,-15.0,-0.92,1668.848,1695.754,1737.027,46936.7,49807.47,59343.33,0.48
2021-08-17,1700.0,1700.0,1635.0,1628.88,61200.77,-64.2,-3.78,1694.948,1706.154,1754.477,42675.16,47627.99,57833.82,0.49
2021-08-16,1696.0,1713.6,1699.2,1685.08,28056.97,-0.84,-0.05,1727.748,1717.584,1771.727,47092.02,46945.39,55947.54,0.22
2021-08-13,1690.0,1713.0,1700.04,1679.0,37904.52,10.04,0.59,1726.668,1723.164,1785.517,51020.18,53879.76,56047.31,0.3
2021-08-12,1732.0,1749.0,1690.0,1686.19,47550.97,-60.5,-3.46,1720.86,1721.059,1798.31,52576.49,57862.89,55922.47,0.38
2021-08-11,1780.01,1785.01,1750.5,1750.01,38662.59,-48.5,-2.7,1722.66,1727.038,1813.709,52678.24,59494.18,55654.42,0.31
2021-08-10,1700.0,1802.88,1799.0,1675.0,83285.05,105.2,6.21,1717.36,1728.878,1824.284,52580.82,64164.81,55259.83,0.66
2021-08-09,1651.0,1709.0,1693.8,1650.0,47697.75,22.8,1.36,1707.42,1720.267,1833.479,46798.76,64494.0,52591.81,0.38
2021-08-06,1689.0,1694.01,1671.0,1646.6,45686.1,-28.0,-1.65,1719.66,1731.298,1846.839,56739.34,69586.17,52157.43,0.36
2021-08-05,1692.88,1745.0,1699.0,1676.36,48059.69,-25.0,-1.45,1721.258,1754.198,1861.895,63149.29,69776.11,51418.52,0.38
2021-08-04,1734.06,1760.0,1724.0,1718.0,38175.49,-25.3,-1.45,1731.416,1778.299,1876.195,66310.13,68879.19,50791.37,0.3
2021-08-03,1730.0,1768.99,1749.3,1688.8,54374.75,-5.7,-0.33,1740.396,1802.799,1890.195,75748.8,68039.65,50288.71,0.43
2021-08-02,1664.0,1755.98,1755.0,1620.72,97400.65,76.01,4.53,1733.114,1825.869,1903.375,82189.24,64949.7,49334.09,0.78
2021-07-30,1725.0,1725.0,1678.99,1657.76,77735.89,-70.8,-4.05,1742.936,1847.869,1915.325,82433.01,58214.87,46185.11,0.62
2021-07-29,1810.01,1823.0,1749.79,1734.34,63863.85,-19.11,-1.08,1787.138,1875.56,1932.025,76402.93,53982.04,44612.08,0.51
2021-07-28,1703.0,1788.2,1768.9,1682.12,85368.84,56.01,3.27,1825.182,1900.38,1949.786,71448.25,51814.66,43103.95,0.68
2021-07-27,1803.0,1810.0,1712.89,1703.0,86576.99,-91.22,-5.06,1865.202,1919.69,1964.176,60330.51,46354.85,39931.29,0.69
2021-07-26,1879.0,1879.0,1804.11,1780.0,98619.48,-95.89,-5.05,1918.624,1946.691,1981.631,47710.15,40689.62,37253.97,0.79
2021-07-23,1937.82,1937.82,1900.0,1895.09,47585.47,-40.01,-2.06,1952.802,1962.38,1996.576,33996.72,34728.7,33695.62,0.38
2021-07-22,1960.0,1973.9,1940.01,1938.96,39090.47,-28.99,-1.47,1963.982,1969.591,2006.176,31561.16,33060.94,33110.12,0.31
2021-07-21,1989.0,2006.0,1969.0,1962.01,29780.13,-11.0,-0.56,1975.578,1974.09,2012.578,32181.07,32703.56,32729.28,0.24
2021-07-20,1975.0,1988.93,1980.0,1961.41,23475.21,5.0,0.25,1974.178,1977.59,2016.028,32379.19,32537.76,33094.22,0.19
2021-07-19,1955.89,1986.0,1975.0,1941.0,30052.34,19.1,0.98,1974.758,1980.88,2020.777,33669.09,33718.49,33581.87,0.24
2021-07-16,1980.0,1996.6,1955.9,1950.0,35407.64,-42.09,-2.11,1971.958,1982.78,2026.109,35460.67,34155.35,33853.67,0.28
2021-07-15,1955.02,2013.0,1997.99,1950.6,42190.05,35.99,1.83,1975.2,1988.49,2032.861,34560.72,35242.12,34784.7,0.34
2021-07-14,1974.0,1974.5,1962.0,1945.0,30770.69,-20.9,-1.05,1972.602,1999.191,2040.807,33226.05,34393.24,33728.57,0.24
2021-07-13,1968.0,2005.5,1982.9,1965.0,29924.71,21.9,1.12,1981.002,2008.661,2050.607,32696.33,33507.73,33569.69,0.24
2021-07-12,1975.55,1998.78,1961.0,1940.5,39010.24,-11.11,-0.56,1987.002,2016.571,2061.112,33767.89,33818.33,33541.52,0.31
2021-07-09,1964.52,1985.91,1972.11,1945.0,30907.9,-12.89,-0.65,1993.602,2030.772,2072.002,32850.03,32662.54,33289.54,0.25
2021-07-08,2000.1,2004.0,1985.0,1968.0,35516.69,-19.0,-0.95,2001.78,2042.761,2085.321,35923.52,33159.3,33022.48,0.28
2021-07-07,2010.0,2028.88,2004.0,1999.01,28122.12,-8.9,-0.44,2025.78,2051.066,2096.046,35560.43,32755.0,32521.76,0.22
2021-07-06,1995.0,2014.0,2012.9,1960.01,35282.51,18.9,0.95,2036.32,2054.466,2105.396,34319.13,33650.69,33481.34,0.28
2021-07-05,2000.0,2019.88,1994.0,1985.0,34420.95,-19.0,-0.94,2046.14,2060.673,2118.301,33868.76,33445.25,32990.53,0.27
2021-07-02,2075.0,2075.0,2013.0,2011.5,46275.31,-92.0,-4.37,2067.942,2069.437,2131.176,32475.05,33551.98,32840.59,0.37
2021-07-01,2059.97,2110.0,2105.0,2031.6,33701.24,48.3,2.35,2083.742,2077.231,2141.637,30395.08,34327.27,31699.34,0.27
2021-06-30,2065.0,2074.0,2056.7,2046.3,21915.66,-5.3,-0.26,2076.352,2082.422,2147.487,29949.57,33063.9,31157.41,0.17
2021-06-29,2108.0,2115.0,2062.0,2051.0,33030.63,-41.01,-1.95,2072.612,2092.552,2156.699,32982.24,33631.65,31592.45,0.26
2021-06-28,2100.0,2118.0,2103.01,2073.0,27452.42,11.01,0.53,2075.206,2105.652,2164.499,33021.75,33264.72,31527.87,0.22
2021-06-25,2049.96,2109.0,2092.0,2042.6,35875.43,43.24,2.11,2070.932,2113.232,2170.849,34628.92,33916.54,31445.61,0.29
2021-06-24,2040.01,2080.0,2068.05,2021.0,31473.7,30.05,1.47,2070.72,2127.88,2178.499,38259.47,32885.66,31920.51,0.25
2021-06-23,2080.0,2083.0,2038.0,2034.15,37079.01,-36.97,-1.78,2088.492,2141.025,2186.096,36178.24,32288.53,32277.03,0.3
2021-06-22,2092.0,2098.0,2074.97,2053.89,33228.18,-6.67,-0.32,2112.492,2156.325,2193.921,34281.07,33311.99,33810.93,0.26
2021-06-21,2085.0,2099.69,2081.64,2050.0,35488.26,-9.3,-0.45,2136.098,2175.928,2193.737,33507.69,32535.8,33776.93,0.28
2021-06-18,2147.0,2156.5,2090.94,2065.0,54028.21,-65.97,-3.06,2155.532,2192.914,2191.76,33204.17,32129.19,33214.92,0.43
2021-06-17,2155.65,2188.0,2156.91,2144.36,21067.53,-1.09,-0.05,2185.04,2206.042,2190.157,27511.85,29071.4,31606.37,0.17
2021-06-16,2192.0,2195.0,2158.0,2148.0,27593.15,-35.0,-1.6,2193.558,2212.551,2184.762,28398.82,29250.93,31673.48,0.22
2021-06-15,2195.1,2208.88,2193.0,2148.0,29361.3,14.19,0.65,2200.158,2220.846,2179.827,32342.91,29553.25,31169.04,0.23
2021-06-11,2239.0,2244.0,2178.81,2178.81,33970.66,-59.67,-2.67,2215.758,2223.346,2173.075,31563.91,29791.02,31927.17,0.27
2021-06-10,2195.0,2251.37,2238.48,2190.08,25566.63,38.98,1.77,2230.296,2228.465,2164.627,31054.21,28974.68,32009.2,0.2
2021-06-09,2192.0,2214.0,2199.5,2160.11,25502.35,8.5,0.39,2227.044,2229.117,2151.278,30630.95,30955.36,31984.75,0.2
2021-06-08,2260.0,2279.99,2191.0,2161.15,47313.63,-80.0,-3.52,2231.544,2231.167,2140.503,30103.03,32265.54,32344.57,0.38
2021-06-07,2265.0,2279.0,2271.0,2240.01,25466.27,19.5,0.87,2241.534,2231.517,2128.903,26763.58,34309.87,32103.6,0.2
2021-06-04,2215.0,2288.0,2251.5,2214.04,31422.19,29.28,1.32,2230.934,2211.546,2109.305,28018.12,35018.05,33130.44,0.25
2021-06-03,2220.0,2260.34,2222.22,2210.08,23450.31,0.22,0.01,2226.634,2190.606,2091.88,26895.15,34300.66,34184.0,0.19
2021-06-02,2250.0,2264.0,2222.0,2208.18,22862.77,-18.95,-0.85,2231.19,2174.272,2078.719,31279.76,34141.34,35688.8,0.18
2021-06-01,2222.0,2248.95,2240.95,2206.0,30616.34,22.95,1.03,2230.79,2156.972,2067.958,34428.05,34096.04,36465.73,0.24
2021-05-31,2215.5,2218.35,2218.0,2172.0,31739.0,-12.0,-0.54,2221.5,2138.808,2057.228,41856.17,32784.83,36999.1,0.25
2021-05-28,2240.97,2250.0,2230.0,2205.51,25807.31,-15.0,-0.67,2192.158,2122.804,2048.428,42017.98,34063.33,39479.3,0.21
2021-05-27,2211.02,2320.0,2245.0,2201.1,45373.38,25.0,1.13,2154.578,2100.789,2041.65,41706.17,35043.73,39294.32,0.36
2021-05-26,2207.98,2241.8,2220.0,2193.08,38604.2,25.5,1.16,2117.354,2073.439,2033.291,37002.92,33014.14,38727.91,0.31
2021-05-25,2085.0,2200.1,2194.5,2085.0,67756.95,123.21,5.95,2083.154,2049.839,2027.738,33764.03,32423.61,38470.84,0.54
2021-05-24,2051.0,2080.06,2071.29,2031.0,32548.08,29.19,1.43,2056.116,2026.289,2020.788,23713.49,29897.33,36425.49,0.26
2021-05-21,2055.08,2079.88,2042.1,2037.02,24248.23,-16.78,-0.81,2053.45,2007.063,2021.224,26108.68,31242.84,36105.57,0.19
2021-05-20,2074.0,2074.1,2058.88,2045.36,21857.16,9.88,0.48,2047.0,1993.153,2023.859,28381.29,34067.35,36307.68,0.17
2021-05-19,2059.0,2074.81,2049.0,2040.0,22409.72,-10.31,-0.5,2029.524,1983.165,2025.315,29025.36,37236.25,36802.52,0.18
2021-05-18,2065.0,2077.0,2059.31,2045.06,17504.28,1.35,0.07,2016.524,1978.943,2025.614,31083.19,38835.42,37196.72,0.14
2021-05-17,2025.1,2085.2,2057.96,2025.1,44524.0,48.11,2.39,1996.462,1975.648,2023.428,36081.16,41213.37,38039.81,0.35
2021-05-14,1982.0,2030.5,2009.85,1976.0,35611.29,38.35,1.95,1960.676,1974.052,2022.88,36376.99,44895.26,37019.35,0.28
2021-05-13,1965.75,1985.05,1971.5,1953.0,25077.51,-12.5,-0.63,1939.306,1982.511,2023.438,39753.41,43544.92,36688.39,0.2
2021-05-12,1949.08,1999.0,1984.0,1949.0,32698.87,25.0,1.28,1936.806,1993.143,2025.307,45447.14,44441.68,37031.67,0.26
2021-05-11,1876.0,1966.0,1959.0,1873.3,42494.12,79.97,4.26,1941.362,2005.637,2027.107,46587.64,44518.07,36837.17,0.34
2021-05-10,1900.0,1909.0,1879.03,1866.01,46003.18,-23.97,-1.26,1954.834,2015.287,2032.657,46345.57,42953.66,36139.84,0.37
2021-05-07,1965.0,1967.98,1903.0,1901.0,52493.39,-56.0,-2.86,1987.428,2035.384,2041.756,53413.53,40968.31,35849.73,0.42
2021-05-06,2000.0,2006.84,1959.0,1953.0,53546.14,-47.78,-2.38,2025.716,2054.564,2052.907,47336.42,38548.01,34862.15,0.43
2021-04-30,2026.0,2036.0,2006.78,2003.71,38401.37,-19.58,-0.97,2049.48,2067.464,2063.057,43436.21,36368.79,34786.22,0.31
2021-04-29,2047.04,2049.94,2026.36,2014.0,41283.78,-15.64,-0.77,2069.912,2072.284,2064.943,42448.49,35558.02,34195.54,0.33
2021-04-28,2010.0,2047.5,2042.0,2003.0,81342.95,-52.44,-2.5,2075.74,2071.208,2064.075,39561.74,34866.26,33989.07,0.65
2021-04-27,2087.08,2095.25,2094.44,2065.09,22107.85,16.62,0.8,2083.34,2071.708,2064.778,28523.1,29143.43,31553.27,0.18
2021-04-26,2132.0,2135.0,2077.82,2073.6,34045.11,-31.12,-1.48,2083.412,2064.364,2061.761,29759.6,29831.86,33297.49,0.27
2021-04-23,2055.97,2119.88,2108.94,2052.5,33462.77,53.44,2.6,2085.448,2057.471,2058.52,29301.36,29621.66,34096.05,0.27
2021-04-22,2089.9,2099.0,2055.5,2051.5,26850.02,-24.5,-1.18,2074.656,2048.577,2051.623,28667.55,29156.27,34001.67,0.21
2021-04-21,2076.0,2097.8,2080.0,2065.1,26149.75,-14.8,-0.71,2066.676,2050.027,2048.298,30170.79,29326.03,34127.04,0.21
2021-04-20,2071.1,2129.0,2094.8,2070.0,28290.37,6.8,0.33,2060.076,2048.127,2044.098,29763.77,30731.15,34191.86,0.23
2021-04-19,2055.0,2098.36,2088.0,2033.0,31753.91,33.02,1.61,2045.316,2051.25,2038.857,29904.12,31176.29,34623.05,0.25
2021-04-16,2025.08,2068.0,2054.98,2012.0,30293.7,39.38,1.95,2029.494,2058.65,2034.957,29941.96,33203.66,34824.39,0.24
2021-04-15,2030.9,2046.9,2015.6,1990.0,34366.21,-31.4,-1.53,2022.498,2057.602,2035.693,29644.99,32833.05,35002.95,0.27
2021-04-14,2035.0,2048.0,2047.0,2016.0,24114.65,26.0,1.29,2033.378,2056.942,2036.431,28481.27,33111.87,34853.39,0.19
2021-04-13,2020.0,2049.8,2021.0,2009.0,28992.15,12.11,0.6,2036.178,2057.847,2034.606,31698.53,33963.1,35380.08,0.23
2021-04-12,2011.0,2030.0,2008.89,1991.7,31943.07,-11.11,-0.55,2057.184,2059.157,2032.329,32448.46,36763.11,37054.72,0.25
2021-04-09,2042.0,2054.0,2020.0,2005.01,28808.86,-50.0,-2.42,2087.806,2059.568,2033.184,36465.36,38570.44,37473.69,0.23
2021-04-08,2047.03,2079.0,2070.0,2044.0,28547.62,9.0,0.44,2092.706,2054.668,2034.584,36021.11,38847.08,38871.69,0.23
2021-04-07,2104.06,2117.3,2061.0,2050.0,40200.97,-65.03,-3.06,2080.506,2046.568,2029.585,37742.47,38928.06,40002.9,0.32
2021-04-06,2161.0,2161.98,2126.03,2102.3,32741.77,-35.97,-1.66,2079.516,2040.068,2023.384,36227.67,37652.58,42106.14,0.26
2021-04-02,2056.0,2165.0,2162.0,2056.0,52027.57,117.5,5.75,2061.13,2026.464,2015.083,41077.76,38069.81,43624.03,0.41
2021-04-01,2021.0,2046.8,2044.5,2001.22,26587.63,35.5,1.77,2031.33,2011.264,2009.988,40675.53,36445.13,44211.61,0.21
2021-03-31,2045.1,2046.02,2009.0,2000.0,37154.41,-47.05,-2.29,2016.63,2013.784,2009.413,41673.05,37172.85,46136.65,0.3
2021-03-30,2040.0,2086.0,2056.05,2035.08,32626.97,21.95,1.08,2012.63,2015.92,2015.963,40113.64,36594.9,46989.7,0.26
2021-03-29,2043.2,2096.35,2034.1,2026.15,56992.2,21.1,1.05,2000.62,2011.365,2016.061,39077.49,36797.06,48896.58,0.45
2021-03-26,1985.0,2022.0,2013.0,1958.0,50016.42,42.0,2.13,1991.798,2005.5,2022.256,35061.86,37346.32,48292.78,0.4
2021-03-25,1970.01,1988.88,1971.0,1946.8,31575.23,-18.0,-0.91,1991.198,2006.8,2027.745,32214.73,36376.93,49118.21,0.25
2021-03-24,1981.0,2013.0,1989.0,1981.0,29357.39,-7.0,-0.35,2010.938,2014.5,2036.695,32672.66,38896.31,50525.77,0.23
2021-03-23,1998.88,2008.8,1996.0,1970.0,27446.19,6.01,0.3,2019.21,2012.601,2046.695,33076.16,41077.74,53163.69,0.22
2021-03-22,2000.1,2026.09,1989.99,1955.55,36914.07,-20.01,-1.0,2022.11,2006.7,2062.245,34516.63,46559.7,54664.11,0.29
2021-03-19,2035.0,2043.0,2010.0,1992.23,35780.77,-59.7,-2.88,2019.202,2003.701,2077.146,39630.79,49178.26,56765.18,0.28
2021-03-18,2035.0,2086.36,2069.7,2035.0,33864.88,39.34,1.94,2022.402,2008.712,2099.646,40539.13,51978.1,57945.41,0.27
2021-03-17,2000.0,2050.0,2030.36,1976.01,31374.91,19.86,0.99,2018.062,2005.042,2119.711,45119.95,55100.44,59547.79,0.25
2021-03-16,1974.93,2019.99,2010.5,1965.0,34648.5,35.05,1.77,2005.992,2016.006,2148.243,49079.32,57384.49,61047.57,0.28
2021-03-15,2050.0,2069.8,1975.45,1951.15,62484.87,-50.55,-2.5,1991.29,2020.756,2170.54,58602.78,60996.09,60979.97,0.5
2021-03-12,2070.0,2077.0,2026.0,2002.01,40322.51,-22.0,-1.07,1988.2,2039.011,2190.207,58725.72,59239.23,59645.02,0.32
2021-03-11,1975.0,2079.99,2048.0,1961.48,56768.97,77.99,3.96,1995.022,2048.689,2204.557,63417.06,61859.49,59615.34,0.45
2021-03-10,1977.0,1999.87,1970.01,1967.0,51171.74,33.02,1.71,1992.022,2058.889,2218.2,65080.93,62155.23,59969.44,0.41
2021-03-09,1955.0,2000.0,1936.99,1900.18,82265.81,-23.01,-1.17,2026.02,2080.788,2229.195,65689.67,65249.64,59346.57,0.65
2021-03-08,2074.96,2085.0,1960.0,1960.0,63099.59,-100.11,-4.86,2050.222,2117.789,2239.595,63389.41,62768.52,56962.39,0.5
2021-03-05,2000.0,2095.0,2060.11,1988.0,63779.2,27.11,1.33,2089.822,2150.591,2247.061,59752.74,64352.11,55274.44,0.51
2021-03-04,2095.0,2096.0,2033.0,2010.1,65088.29,-107.0,-5.0,2102.356,2190.58,2249.865,60301.91,63912.73,53770.54,0.52
2021-03-03,2040.0,2149.77,2140.0,2033.0,54215.46,82.0,3.98,2125.756,2234.38,2252.615,59229.54,63995.13,52272.56,0.43
2021-03-02,2180.0,2180.0,2058.0,2033.0,70764.5,-100.0,-4.63,2135.556,2280.48,2250.065,64809.61,64710.65,51417.8,0.56
2021-03-01,2179.0,2179.0,2158.0,2120.0,44916.26,35.22,1.66,2185.356,2320.323,2254.259,62147.63,60963.85,49466.94,0.36
2021-02-26,2100.0,2179.95,2122.78,2067.3,66525.06,-27.22,-1.27,2211.36,2341.403,2255.109,68951.47,60050.8,50018.99,0.53
2021-02-25,2209.0,2224.5,2150.0,2121.21,59726.43,-39.0,-1.78,2278.804,2360.425,2252.968,67523.55,57371.2,48155.12,0.48
2021-02-24,2307.99,2318.0,2189.0,2160.5,82115.78,-118.0,-5.12,2343.004,2377.51,2248.968,68760.73,57783.66,47084.3,0.65
2021-02-23,2265.14,2344.89,2307.0,2265.0,57454.6,18.98,0.83,2425.404,2377.601,2241.549,64611.68,53443.49,45232.64,0.46
2021-02-22,2455.0,2455.0,2288.02,2278.22,78935.47,-171.98,-6.99,2455.29,2361.401,2226.67,59780.07,51156.26,44677.17,0.63
2021-02-19,2451.16,2496.66,2460.0,2381.6,59385.46,-11.0,-0.45,2471.446,2343.531,2215.419,51150.13,46196.77,42687.59,0.47
2021-02-18,2587.98,2627.88,2471.0,2465.0,65912.32,-130.0,-5.0,2442.046,2309.149,2196.519,47218.85,43628.36,42693.79,0.52
2021-02-10,2485.0,2601.2,2601.0,2485.0,61370.57,144.57,5.88,2412.016,2270.849,2179.669,46806.58,40549.99,41205.78,0.49
2021-02-09,2368.8,2456.43,2456.43,2350.0,33296.55,87.63,3.7,2329.798,2219.649,2157.819,42275.3,38124.95,39856.75,0.27
2021-02-08,2337.0,2378.88,2368.8,2313.0,35785.73,55.8,2.41,2267.512,2188.195,2143.042,42532.44,37970.04,40244.85,0.28
2021-02-05,2325.0,2364.6,2313.0,2291.0,39729.06,-7.85,-0.34,2215.616,2168.815,2129.589,41243.41,39987.18,41009.56,0.32
2021-02-04,2191.0,2330.0,2320.85,2191.0,63851.01,130.94,5.98,2176.252,2145.51,2118.439,40037.87,38939.04,41716.19,0.51
2021-02-03,2150.0,2198.27,2189.91,2140.0,38714.15,44.91,2.09,2129.682,2120.425,2109.396,34293.39,36384.95,40420.21,0.31
2021-02-02,2112.22,2149.99,2145.0,2102.1,34582.25,35.68,1.69,2109.5,2105.497,2104.901,33974.6,37021.78,40855.01,0.28
2021-02-01,2130.0,2160.0,2109.32,2095.0,29340.59,-6.86,-0.32,2108.878,2091.938,2100.623,33407.64,38198.07,41731.7,0.23
2021-01-29,2101.19,2149.48,2116.18,2090.22,33701.33,28.18,1.35,2122.014,2087.306,2095.007,38730.95,39178.42,42440.37,0.27
2021-01-28,2080.0,2109.66,2088.0,2060.02,35128.64,-1.0,-0.05,2114.768,2083.888,2089.098,37840.21,41759.23,42698.31,0.28
2021-01-27,2141.89,2141.89,2089.0,2085.0,37120.17,-52.89,-2.47,2111.168,2088.488,2081.348,38476.51,41861.58,42664.48,0.3
2021-01-26,2185.0,2187.0,2141.89,2125.11,31747.46,-33.11,-1.52,2101.494,2095.988,2070.248,40068.96,41588.56,41951.86,0.25
2021-01-25,2083.0,2179.5,2175.0,2083.0,55957.16,95.05,4.57,2074.998,2097.889,2056.804,42988.51,42519.67,41868.5,0.45
2021-01-22,2069.0,2100.0,2079.95,2060.1,29247.61,9.95,0.48,2052.598,2090.362,2039.554,39625.89,42031.94,40225.05,0.23
2021-01-21,2048.0,2090.02,2070.0,2041.0,38310.17,29.37,1.44,2053.008,2091.367,2027.073,45678.24,44493.35,40655.52,0.3
2021-01-20,2008.0,2055.49,2040.63,1982.5,45082.42,31.22,1.55,2065.808,2098.367,2015.656,45246.65,44455.47,41125.32,0.36
2021-01-19,2073.11,2096.3,2009.41,2006.85,46345.19,-53.59,-2.6,2090.482,2104.304,2007.674,43108.15,44688.25,40903.73,0.37
2021-01-18,2061.06,2091.48,2063.0,2040.27,39144.04,-19.0,-0.91,2120.78,2109.308,1999.329,42050.83,45265.33,40121.3,0.31
2021-01-15,2115.0,2134.35,2082.0,2029.0,59509.39,-52.0,-2.44,2128.126,2102.708,1988.429,44438.0,45702.33,39517.95,0.47
2021-01-14,2156.0,2163.0,2134.0,2116.11,36152.2,-30.0,-1.39,2129.726,2094.308,1977.604,43308.45,43637.4,38344.01,0.29
2021-01-13,2164.0,2173.33,2164.0,2135.0,34389.93,3.1,0.14,2130.926,2074.208,1962.904,43664.29,43467.39,38143.91,0.27
2021-01-12,2088.0,2160.9,2160.9,2085.0,41058.59,61.17,2.91,2118.126,2044.508,1945.505,46268.34,42315.15,37904.66,0.33
2021-01-11,2090.0,2150.5,2099.73,2058.6,51079.9,9.73,0.47,2097.836,2015.718,1928.91,48479.84,41217.33,37504.33,0.41
2021-01-08,2142.0,2150.88,2090.0,2063.02,53861.64,-50.0,-2.34,2077.29,1988.745,1914.923,46966.66,38418.15,36489.13,0.43
2021-01-07,2097.0,2140.0,2140.0,2075.0,37931.39,40.0,1.91,2058.89,1962.779,1902.068,43966.34,36817.7,35428.72,0.3
2021-01-06,2064.8,2125.0,2100.0,2036.03,47410.2,40.55,1.97,2017.49,1932.944,1887.068,43270.48,37795.17,35089.76,0.38
2021-01-05,1990.0,2059.45,2059.45,1982.46,52116.05,62.45,3.13,1970.89,1911.044,1874.568,38361.96,37119.21,35791.95,0.41
2021-01-04,1999.98,2004.99,1997.0,1983.81,43514.0,-1.0,-0.05,1933.6,1889.349,1862.216,33954.83,34977.27,36102.71,0.35
2020-12-31,1941.0,1998.98,1998.0,1939.0,38860.07,65.0,3.36,1900.2,1874.149,1852.021,29869.64,33333.57,37051.57,0.31
2020-12-30,1870.0,1933.0,1933.0,1869.99,34452.1,66.0,3.54,1866.668,1860.9,1839.571,29669.05,33050.63,36583.86,0.27
2020-12-29,1873.0,1886.8,1867.0,1855.0,22867.59,-6.0,-0.32,1848.398,1851.6,1829.822,32319.85,32820.43,36039.84,0.18
2020-12-28,1826.6,1888.8,1873.0,1826.05,30080.37,43.0,2.35,1851.198,1846.501,1823.322,35876.45,33494.17,36306.27,0.24
2020-12-25,1802.99,1847.0,1830.0,1800.0,23088.05,-0.34,-0.02,1845.098,1842.101,1815.367,35999.72,33791.34,36399.25,0.18
2020-12-24,1818.0,1858.88,1830.34,1795.02,37857.14,-11.31,-0.61,1848.098,1841.101,1810.762,36797.51,34560.11,36323.28,0.3
2020-12-23,1897.99,1906.2,1841.65,1821.02,47706.09,-39.35,-2.09,1855.132,1841.357,1805.965,36432.21,34039.75,35591.84,0.38
2020-12-22,1849.97,1898.99,1881.0,1842.51,40650.6,38.5,2.09,1854.802,1841.192,1800.226,33321.02,32384.35,34617.85,0.32
2020-12-21,1840.0,1851.23,1842.5,1837.6,30696.72,-2.5,-0.14,1841.804,1838.092,1794.351,31111.89,34464.69,34208.59,0.24
2020-12-18,1851.81,1869.01,1845.0,1841.08,27076.98,-20.51,-1.1,1839.104,1835.082,1791.737,31582.95,37228.15,36005.61,0.22
2020-12-17,1845.5,1868.0,1865.51,1840.0,36030.64,25.51,1.39,1834.104,1829.893,1785.485,32322.71,40769.57,35745.5,0.29
2020-12-16,1830.5,1845.67,1840.0,1820.21,32150.16,23.99,1.32,1827.582,1818.242,1778.219,31647.29,40117.09,35334.75,0.26
2020-12-15,1833.5,1837.22,1816.01,1805.0,29604.97,-12.99,-0.71,1827.582,1808.043,1770.901,31447.68,39259.24,35486.19,0.24
2020-12-14,1827.77,1829.98,1829.0,1815.0,33052.0,9.0,0.49,1834.38,1800.142,1765.891,37817.49,39118.36,35267.15,0.26
2020-12-11,1834.78,1837.32,1820.0,1804.81,30775.79,-12.9,-0.7,1831.06,1788.633,1760.943,42873.36,39007.17,35145.22,0.24
2020-12-10,1840.0,1849.77,1832.9,1828.0,32653.54,-7.1,-0.39,1825.682,1780.423,1755.193,49216.44,38086.45,35014.21,0.26
2020-12-09,1865.95,1866.0,1840.0,1839.0,31152.12,-10.0,-0.54,1808.902,1770.572,1750.288,48586.88,37143.93,34555.18,0.25
2020-12-08,1815.0,1875.0,1850.0,1813.0,61454.0,37.6,2.08,1788.504,1759.26,1744.855,47070.8,36851.35,34740.11,0.49
2020-12-07,1802.7,1840.39,1812.4,1800.55,58331.33,19.29,1.08,1765.904,1750.61,1739.605,40419.24,33952.49,33176.89,0.46
2020-12-04,1752.0,1800.1,1793.11,1752.0,62491.19,44.11,2.52,1746.206,1748.391,1736.114,35140.99,34783.08,32333.8,0.5
2020-12-03,1738.01,1755.66,1749.0,1732.1,29505.78,10.99,0.63,1735.164,1741.076,1731.489,26956.47,30721.42,30361.82,0.23
2020-12-02,1746.0,1749.0,1738.01,1731.0,23571.69,1.01,0.06,1732.242,1738.195,1730.134,25700.97,30552.42,30062.74,0.19
2020-12-01,1726.0,1738.99,1737.0,1720.01,28196.2,23.09,1.35,1730.016,1733.759,1728.213,26631.9,31713.15,29706.34,0.22
2020-11-30,1735.0,1738.9,1713.91,1713.91,31940.07,-23.99,-1.38,1735.316,1731.639,1726.113,27485.73,31415.93,29471.41,0.25
2020-11-27,1732.66,1740.03,1737.9,1718.0,21568.61,3.51,0.2,1750.576,1733.253,1724.118,34425.17,31283.27,28927.72,0.17
2020-11-26,1726.0,1739.99,1734.39,1725.18,23228.3,7.51,0.43,1746.988,1729.963,1720.724,34486.38,31941.96,29152.07,0.18
2020-11-25,1761.5,1768.88,1726.88,1724.0,28226.32,-36.62,-2.08,1744.148,1730.003,1717.804,35403.87,31966.44,29959.34,0.22
2020-11-24,1769.99,1782.5,1763.5,1751.47,32465.36,-26.71,-1.49,1737.502,1730.45,1714.701,36794.39,32628.88,30279.85,0.26
2020-11-23,1771.01,1809.9,1790.21,1771.01,66637.24,70.25,4.08,1727.962,1728.6,1707.776,35346.13,32401.29,30853.8,0.53
2020-11-20,1720.0,1736.0,1719.96,1712.65,21874.66,-0.23,-0.01,1715.93,1723.836,1700.415,28141.38,29884.53,30822.7,0.17
2020-11-19,1684.5,1725.0,1720.19,1680.6,27815.76,26.54,1.57,1712.938,1721.902,1700.184,29397.54,30002.22,30693.55,0.22
2020-11-18,1715.0,1720.53,1693.65,1683.16,35178.95,-22.15,-1.29,1715.858,1722.073,1701.299,28529.01,29573.06,30426.81,0.28
2020-11-17,1740.0,1742.35,1715.8,1701.07,25224.03,-14.25,-0.82,1723.398,1722.666,1703.283,28463.36,27699.53,29612.93,0.2
2020-11-16,1711.0,1730.05,1730.05,1697.26,30613.49,25.05,1.47,1729.238,1720.586,1704.193,29456.45,27526.88,29738.48,0.24
2020-11-13,1724.0,1728.88,1705.0,1691.0,28155.48,-29.79,-1.72,1731.742,1714.982,1702.641,31627.69,26572.17,29169.12,0.22
2020-11-12,1730.01,1750.0,1734.79,1722.27,23473.09,3.44,0.2,1730.866,1711.484,1702.991,30606.9,26362.17,28630.21,0.19
2020-11-11,1745.0,1777.5,1731.35,1731.0,34850.73,-13.65,-0.78,1728.288,1705.605,1702.501,30617.11,27952.24,28266.78,0.28
2020-11-10,1752.92,1764.48,1745.0,1736.0,30189.44,2.43,0.14,1721.934,1698.951,1702.384,26935.7,27930.82,27548.31,0.24
2020-11-09,1701.38,1750.68,1742.57,1700.62,41469.7,41.95,2.47,1711.934,1686.951,1702.084,25597.31,29306.31,27186.03,0.33
2020-11-06,1730.55,1731.59,1700.62,1690.0,23051.53,-21.28,-1.24,1698.222,1676.994,1702.486,21516.66,31760.87,27299.0,0.18
2020-11-05,1717.0,1732.48,1721.9,1712.1,23524.14,22.32,1.31,1692.102,1678.465,1702.255,22117.44,31384.89,27858.42,0.19
2020-11-04,1700.0,1704.0,1699.58,1685.0,16443.71,4.58,0.27,1682.922,1680.525,1699.585,25287.37,31280.56,28036.6,0.13
2020-11-03,1684.99,1705.9,1695.0,1675.5,23497.49,20.99,1.25,1675.968,1683.9,1697.221,28925.93,31526.33,28085.95,0.19
2020-11-02,1675.0,1695.0,1674.01,1672.0,21066.43,3.99,0.24,1661.968,1687.8,1695.521,33015.31,31950.07,28122.69,0.17
2020-10-30,1678.0,1696.0,1670.02,1665.0,26055.45,-5.98,-0.36,1655.766,1690.299,1693.576,42005.09,31766.06,28198.52,0.21
2020-10-29,1654.84,1708.0,1676.0,1647.0,39373.76,11.19,0.67,1664.828,1694.497,1691.541,40652.33,30898.25,28398.28,0.31
2020-10-28,1626.0,1677.0,1664.81,1625.08,34636.53,39.81,2.45,1678.128,1699.397,1690.24,37273.76,28581.31,28215.87,0.28
2020-10-27,1643.0,1644.0,1625.0,1616.12,43944.4,-18.0,-1.1,1691.832,1705.816,1690.284,34126.72,27165.8,27647.32,0.35
2020-10-26,1619.0,1662.92,1643.0,1600.0,66015.29,-72.33,-4.22,1713.632,1717.216,1692.374,30884.83,25065.75,26572.3,0.53
2020-10-23,1740.78,1747.59,1715.33,1714.0,19291.69,-27.17,-1.56,1724.832,1727.977,1694.974,21527.04,22837.12,25631.61,0.15
2020-10-22,1730.0,1745.0,1742.5,1715.51,22480.87,9.17,0.53,1724.166,1726.044,1692.733,21144.17,24331.94,27851.01,0.18
2020-10-21,1734.1,1742.15,1733.33,1723.0,18901.37,-0.67,-0.04,1720.666,1718.644,1691.863,19888.87,24792.64,27852.77,0.15
2020-10-20,1699.99,1734.97,1734.0,1695.0,27734.93,35.0,2.06,1719.8,1710.541,1693.197,20204.88,24645.58,27948.75,0.22
2020-10-19,1725.0,1733.98,1699.0,1691.9,19226.32,-13.0,-0.76,1720.8,1703.241,1694.797,19246.67,24295.31,28114.8,0.15
2020-10-16,1725.0,1734.58,1712.0,1703.0,17377.38,-13.0,-0.75,1731.122,1696.852,1696.497,24147.21,24630.97,28707.88,0.14
2020-10-15,1721.13,1735.0,1725.0,1721.0,16204.36,-4.0,-0.23,1727.922,1688.584,1696.187,27519.71,25898.31,29077.93,0.13
2020-10-14,1740.0,1746.98,1729.0,1726.0,20481.39,-10.0,-0.57,1716.622,1681.082,1694.337,29696.4,27850.43,29565.89,0.16
2020-10-13,1750.62,1750.62,1739.0,1735.0,22943.89,-11.61,-0.66,1701.282,1674.751,1693.457,29086.28,28128.84,30265.44,0.18
2020-10-12,1700.0,1750.61,1750.61,1700.0,43729.04,54.61,3.22,1685.682,1667.531,1692.682,29343.95,28078.85,30673.85,0.35
2020-10-09,1692.0,1706.42,1696.0,1688.0,34239.88,27.5,1.65,1662.582,1661.97,1693.651,25114.73,28426.09,30030.29,0.27
2020-09-30,1660.0,1691.9,1668.5,1660.0,27087.81,16.2,0.98,1649.246,1659.422,1698.501,24276.91,31370.09,29840.17,0.22
2020-09-29,1669.33,1669.4,1652.3,1652.3,17430.78,-8.7,-0.52,1645.542,1665.082,1704.826,26004.45,30912.9,30086.24,0.14
2020-09-28,1635.19,1668.5,1661.0,1635.19,24232.22,25.89,1.58,1648.22,1675.852,1712.31,27171.39,31251.91,30796.7,0.19
2020-09-25,1630.0,1650.0,1635.11,1625.0,22582.96,5.79,0.35,1649.38,1686.352,1718.585,26813.76,31934.29,31975.6,0.18
2020-09-24,1635.97,1658.88,1629.32,1626.8,30050.78,-20.66,-1.25,1661.358,1696.141,1724.68,31737.45,32784.8,32961.44,0.24
2020-09-23,1635.0,1666.01,1649.98,1621.02,35725.52,-15.71,-0.94,1669.598,1703.789,1729.764,38463.26,32257.55,32590.67,0.28
2020-09-22,1650.0,1686.98,1665.69,1650.0,23265.47,-1.11,-0.07,1684.622,1707.591,1733.615,35821.35,31281.35,32115.18,0.19
2020-09-21,1692.76,1692.76,1666.8,1666.66,22444.07,-28.2,-1.66,1703.484,1712.162,1736.68,35332.43,32402.04,33045.54,0.18
2020-09-18,1665.0,1695.0,1695.0,1635.01,47201.4,24.48,1.47,1723.324,1717.832,1738.158,37054.82,33268.84,33470.0,0.38
2020-09-17,1700.0,1700.0,1670.52,1658.0,63679.85,-54.58,-3.16,1730.924,1725.332,1737.208,33832.14,31634.5,32364.05,0.51
2020-09-16,1760.0,1764.81,1725.1,1719.0,22515.98,-34.9,-1.98,1737.98,1737.58,1736.882,26051.84,28310.25,30299.18,0.18
2020-09-15,1769.99,1769.99,1760.0,1747.75,20820.87,-6.0,-0.34,1730.56,1744.57,1734.977,26741.35,29259.58,30519.13,0.17
2020-09-14,1745.0,1769.0,1766.0,1730.58,31056.01,33.0,1.9,1720.84,1748.768,1732.227,29471.65,30341.48,30999.23,0.25
2020-09-11,1688.0,1736.0,1733.0,1688.0,31088.0,27.2,1.59,1712.34,1750.818,1728.427,29482.86,32016.92,31625.03,0.25
2020-09-10,1703.74,1720.0,1705.8,1700.0,24778.33,17.8,1.05,1719.74,1753.218,1724.827,29436.85,33138.08,31953.28,0.2
2020-09-09,1699.67,1711.0,1688.0,1680.04,25963.55,-23.4,-1.37,1737.18,1755.738,1721.287,30568.65,32923.8,31741.44,0.21
2020-09-08,1732.0,1737.8,1711.4,1677.07,34472.38,-12.1,-0.7,1758.58,1759.638,1718.234,31777.8,32949.02,31839.95,0.27
2020-09-07,1760.0,1777.99,1723.5,1703.97,31112.02,-46.5,-2.63,1776.696,1761.198,1714.79,31211.31,33689.03,31907.24,0.25
2020-09-04,1766.0,1776.99,1770.0,1746.0,30857.96,-23.0,-1.28,1789.296,1758.483,1710.314,34550.98,33671.17,31532.82,0.25
2020-09-03,1795.0,1812.0,1793.0,1779.7,30437.35,-2.0,-0.11,1786.696,1749.083,1703.364,36839.31,33093.61,31702.02,0.24
2020-09-02,1825.0,1828.0,1795.0,1770.0,32009.29,-6.98,-0.39,1774.296,1736.183,1695.612,35278.94,32288.11,31812.6,0.25
2020-09-01,1792.0,1802.0,1801.98,1775.01,31639.92,15.48,0.87,1760.696,1725.383,1689.262,34120.23,31778.68,31488.22,0.25
2020-08-31,1770.58,1816.0,1786.5,1770.58,47810.36,29.5,1.68,1745.7,1715.685,1682.663,36166.75,31656.97,31503.25,0.38
2020-08-28,1731.0,1764.0,1757.0,1721.5,42299.62,26.0,1.5,1727.67,1706.035,1676.738,32791.36,31233.14,30845.78,0.34
2020-08-27,1731.99,1733.98,1731.0,1705.0,22635.53,4.0,0.23,1711.47,1696.435,1672.797,29347.92,30768.49,30765.04,0.18
2020-08-26,1734.0,1745.0,1727.0,1715.02,26215.73,0.0,0.0,1698.07,1686.835,1670.247,29297.28,30559.07,31551.92,0.21
2020-08-25,1704.8,1746.78,1727.0,1698.63,41872.49,30.65,1.81,1690.07,1676.83,1667.497,29437.13,30730.89,32778.55,0.33
2020-08-24,1700.0,1708.0,1696.35,1691.01,30933.44,20.35,1.21,1685.67,1668.381,1664.647,27147.19,30125.46,33430.5,0.25
2020-08-21,1673.0,1698.0,1676.0,1671.0,25082.41,12.0,0.72,1684.4,1662.145,1660.957,29674.91,29394.47,33823.24,0.2
2020-08-20,1674.0,1679.0,1664.0,1656.0,22382.33,-23.0,-1.36,1681.4,1657.645,1656.922,32189.06,30310.43,36506.72,0.18
2020-08-19,1700.0,1717.0,1687.0,1682.99,26914.98,-18.0,-1.06,1675.6,1655.041,1657.522,31820.86,31337.08,37103.63,0.21
2020-08-18,1697.38,1720.0,1705.0,1691.0,30422.81,15.0,0.89,1663.59,1653.141,1657.076,32024.65,31197.75,37717.94,0.24
2020-08-17,1674.0,1704.35,1690.0,1670.0,43572.01,29.0,1.75,1651.092,1649.64,1655.226,33103.73,31349.52,38295.27,0.35
2020-08-14,1639.9,1665.7,1661.0,1631.0,37653.18,26.0,1.59,1639.89,1647.44,1652.574,29114.03,30458.43,38380.69,0.3
2020-08-13,1630.0,1638.88,1635.0,1609.0,20541.34,8.05,0.49,1633.89,1649.158,1651.926,28431.81,30761.59,39793.13,0.16
2020-08-12,1633.0,1641.0,1626.95,1605.25,27933.92,-15.56,-0.95,1634.482,1653.658,1650.876,30853.29,32544.76,43878.18,0.22
2020-08-11,1640.0,1666.43,1642.51,1640.0,35818.18,8.52,0.52,1642.692,1658.163,1657.155,30370.85,34826.21,44517.13,0.29
2020-08-10,1627.97,1644.96,1633.99,1608.11,23623.54,2.99,0.18,1648.188,1660.912,1663.13,29595.31,36735.54,45030.89,0.19
2020-08-07,1644.77,1649.67,1631.0,1598.5,34242.05,-6.96,-0.42,1654.99,1659.768,1670.53,31802.83,38252.01,46886.08,0.27
2020-08-06,1670.0,1674.03,1637.96,1630.0,32648.78,-30.04,-1.8,1664.426,1656.198,1674.672,33091.37,42703.0,47028.99,0.26
2020-08-05,1662.09,1673.09,1668.0,1643.31,25521.69,-1.99,-0.12,1672.834,1660.002,1678.074,34236.22,42870.18,47148.22,0.2
2020-08-04,1675.0,1682.99,1669.99,1660.0,31940.51,1.99,0.12,1673.634,1661.01,1678.741,39281.57,44238.13,48530.63,0.25
2020-08-03,1686.88,1696.58,1668.0,1660.0,34661.14,-10.18,-0.61,1673.636,1660.811,1679.642,43875.77,45241.03,50266.8,0.28
2020-07-31,1685.0,1705.0,1678.18,1646.0,40684.74,-1.82,-0.11,1664.546,1657.707,1676.242,44701.18,46302.95,51124.84,0.32
2020-07-30,1671.2,1700.59,1680.0,1670.5,38373.04,8.0,0.48,1647.97,1654.694,1669.422,52314.63,48824.68,50846.9,0.31
2020-07-29,1690.0,1690.0,1672.0,1633.0,50748.43,2.0,0.12,1647.17,1648.094,1662.622,51504.13,55211.59,51222.43,0.4
2020-07-28,1630.0,1680.0,1670.0,1630.0,54911.52,47.45,2.92,1648.386,1656.147,1653.736,49194.69,54208.05,50619.13,0.44
2020-07-27,1616.01,1629.8,1622.55,1600.0,38788.17,27.25,1.71,1647.986,1665.347,1643.38,46606.28,53326.24,48995.87,0.31
2020-07-24,1654.85,1666.0,1595.3,1585.0,78752.01,-80.7,-4.82,1650.868,1681.291,1635.411,47904.71,55520.14,48460.49,0.63
2020-07-23,1672.0,1691.0,1676.0,1650.0,34320.52,-2.08,-0.12,1661.418,1693.146,1628.646,45334.72,51354.99,45779.84,0.27
2020-07-22,1658.0,1710.0,1678.08,1658.0,39201.21,10.08,0.6,1649.018,1696.146,1618.571,58919.06,51426.26,45760.52,0.31
2020-07-21,1646.64,1702.8,1668.0,1630.99,41969.5,31.04,1.9,1663.908,1696.472,1606.617,59221.4,52823.14,44962.81,0.33
2020-07-20,1652.5,1663.99,1636.96,1588.88,45280.33,-11.09,-0.67,1682.708,1698.472,1595.209,60046.21,55292.58,44812.25,0.36
2020-07-17,1620.0,1672.59,1648.05,1620.0,65902.06,34.05,2.11,1711.714,1694.776,1584.011,63135.57,55946.74,43598.76,0.52
2020-07-16,1729.91,1729.91,1614.0,1600.0,102242.19,-138.53,-7.91,1724.874,1684.15,1571.859,57375.25,52869.12,41276.31,0.81
2020-07-15,1744.88,1782.6,1752.53,1744.71,40712.94,-9.47,-0.54,1743.274,1677.15,1561.353,43933.46,47233.27,37624.53,0.32
2020-07-14,1781.99,1782.03,1762.0,1748.4,46093.51,-19.99,-1.12,1729.036,1651.324,1542.876,46424.87,47030.22,37319.66,0.37
2020-07-13,1714.68,1787.0,1781.99,1714.68,60727.16,68.14,3.98,1714.236,1621.412,1525.595,50538.95,44665.49,36436.35,0.48
2020-07-10,1689.0,1736.6,1713.85,1688.94,37100.44,7.85,0.46,1677.838,1589.53,1506.518,48757.91,41400.83,34935.58,0.3
2020-07-09,1691.0,1712.0,1706.0,1682.0,35033.24,24.66,1.47,1643.426,1564.146,1492.009,48362.98,40204.69,34215.59,0.28
2020-07-08,1680.0,1719.0,1681.34,1660.0,53169.98,-6.66,-0.4,1611.026,1540.996,1477.536,50533.08,40094.79,33594.53,0.42
2020-07-07,1603.09,1744.82,1688.0,1601.0,66663.93,88.0,5.5,1573.612,1516.762,1463.774,47635.58,37102.49,32401.05,0.53
2020-07-06,1538.0,1616.0,1600.0,1531.81,51821.96,58.21,3.77,1528.588,1491.946,1450.624,38792.02,34331.93,29985.21,0.41
2020-07-03,1550.0,1552.5,1541.79,1516.88,35125.81,-2.21,-0.14,1501.222,1473.246,1441.024,34043.75,31250.78,28295.98,0.28
2020-07-02,1499.0,1550.9,1544.0,1495.0,45883.72,49.73,3.33,1484.866,1459.567,1433.899,32046.39,29683.5,27717.56,0.37
2020-07-01,1468.0,1506.1,1494.27,1464.02,38682.49,31.39,2.15,1470.966,1445.555,1427.235,29656.5,28015.79,26721.38,0.31
2020-06-30,1463.12,1468.98,1462.88,1455.12,22446.14,-0.29,-0.02,1459.912,1434.428,1423.496,26569.4,27609.09,26561.24,0.18
2020-06-29,1448.0,1466.0,1463.17,1437.01,28080.61,3.16,0.22,1455.304,1429.777,1418.682,29871.84,28207.21,26961.15,0.22
2020-06-24,1463.6,1465.71,1460.01,1445.0,25138.99,2.53,0.17,1445.27,1423.506,1412.724,28457.8,28470.32,26881.41,0.2
2020-06-23,1435.0,1482.0,1474.5,1433.52,33934.26,35.5,2.47,1434.268,1419.871,1406.623,27320.61,28226.5,26963.34,0.27
2020-06-22,1435.1,1443.89,1439.0,1433.2,23247.0,-0.84,-0.06,1420.144,1414.076,1400.798,26375.09,27094.26,26390.13,0.19
2020-06-19,1420.0,1445.2,1439.84,1415.1,38958.33,26.84,1.9,1408.944,1410.786,1396.993,28648.77,27699.61,26805.83,0.31
2020-06-18,1404.9,1413.2,1413.0,1400.1,21010.41,8.0,0.57,1404.25,1409.302,1391.411,26542.59,25638.48,26579.29,0.17
2020-06-17,1411.86,1411.9,1405.0,1395.02,19453.07,1.12,0.08,1401.742,1408.801,1389.066,28482.85,25341.18,26681.35,0.15
2020-06-16,1398.5,1414.0,1403.88,1393.13,29206.64,20.88,1.51,1405.474,1408.231,1386.366,29132.38,25751.61,26767.86,0.23
2020-06-15,1402.0,1411.6,1383.0,1381.0,34615.41,-33.37,-2.36,1408.008,1408.914,1383.478,27813.44,25426.96,26546.9,0.28
2020-06-12,1387.17,1416.37,1416.37,1383.31,28427.42,15.91,1.14,1412.628,1412.564,1381.638,26750.45,25513.39,26534.24,0.23
2020-06-11,1411.01,1417.99,1400.46,1396.99,30711.71,-23.2,-1.63,1414.354,1407.587,1376.47,24734.37,25715.09,26432.77,0.24
2020-06-10,1425.0,1433.33,1423.66,1417.0,22700.74,7.11,0.5,1415.86,1401.941,1372.776,22199.51,25292.51,25825.93,0.18
2020-06-09,1408.0,1425.0,1416.55,1400.68,22611.91,10.45,0.74,1410.988,1393.375,1368.391,22370.84,25700.17,25791.61,0.18
2020-06-08,1425.0,1435.0,1406.1,1402.01,29300.45,-18.9,-1.33,1409.82,1387.52,1364.213,23040.48,25686.0,25647.11,0.23
2020-06-05,1405.25,1428.88,1425.0,1401.08,18347.06,17.01,1.21,1412.5,1383.2,1360.059,24276.34,25912.06,25365.64,0.15
2020-06-04,1396.0,1411.0,1407.99,1396.0,18037.41,8.69,0.62,1400.82,1373.52,1354.539,26695.8,27520.1,25902.22,0.14
2020-06-03,1415.0,1417.5,1399.3,1395.77,23557.36,-11.41,-0.81,1388.022,1369.331,1349.74,28385.5,28021.51,26397.09,0.19
2020-06-02,1416.01,1427.9,1410.71,1406.66,25960.1,-8.79,-0.62,1375.762,1364.501,1344.775,29029.51,27784.12,27010.96,0.21
2020-06-01,1381.0,1420.1,1419.5,1381.0,35479.76,52.9,3.87,1365.22,1358.041,1337.524,28331.52,27666.85,26946.0,0.28
2020-05-29,1332.1,1369.98,1366.6,1332.1,30444.35,22.6,1.68,1353.9,1350.712,1330.294,27547.77,27555.09,26344.22,0.24
2020-05-28,1337.97,1346.94,1344.0,1321.13,26485.91,6.0,0.45,1346.22,1345.352,1325.921,28344.39,27150.46,26555.09,0.21
2020-05-27,1359.0,1360.0,1338.0,1333.0,26777.41,-20.0,-1.47,1350.64,1343.611,1322.521,27657.53,26359.36,26525.99,0.21
2020-05-26,1369.88,1369.95,1358.0,1355.0,22470.19,-4.9,-0.36,1353.24,1343.406,1318.149,26538.73,25883.05,26143.24,0.18
2020-05-25,1330.0,1366.58,1362.9,1321.0,31561.0,34.7,2.61,1350.862,1340.906,1312.862,27002.18,25608.21,26364.66,0.25
2020-05-22,1366.0,1366.1,1328.2,1322.88,34427.46,-37.9,-2.77,1347.524,1336.917,1306.942,27562.4,24819.23,26988.35,0.27
2020-05-21,1355.0,1371.96,1366.1,1352.86,23051.58,15.1,1.12,1344.484,1335.558,1300.532,25956.53,24284.35,26728.18,0.18
2020-05-20,1346.11,1359.18,1351.0,1336.81,21183.4,4.89,0.36,1336.582,1330.148,1293.592,25061.19,24772.67,26787.54,0.17
2020-05-19,1364.0,1364.0,1346.11,1338.0,24787.46,-0.1,-0.01,1333.572,1325.048,1287.342,25227.38,26237.81,27640.65,0.2
2020-05-18,1306.0,1351.5,1346.21,1305.13,34362.11,33.21,2.53,1330.95,1317.007,1279.891,24214.25,26225.15,27487.67,0.27
2020-05-15,1329.0,1333.5,1313.0,1301.88,26398.08,-13.59,-1.02,1326.31,1309.876,1272.061,22076.06,25133.35,27236.18,0.21
2020-05-14,1330.0,1334.88,1326.59,1325.11,18574.92,-9.36,-0.7,1326.632,1306.489,1265.666,22612.18,25959.73,27756.25,0.15
2020-05-13,1333.0,1337.99,1335.95,1322.88,22014.31,2.95,0.22,1323.714,1301.43,1257.451,24484.15,26692.63,27626.58,0.18
2020-05-12,1318.0,1334.99,1333.0,1316.0,19721.81,9.99,0.76,1316.524,1292.891,1248.904,27248.25,26403.44,27916.08,0.16
2020-05-11,1320.0,1335.0,1323.01,1313.67,23671.19,8.4,0.64,1303.064,1284.817,1240.179,28236.06,27121.11,28070.84,0.19
2020-05-08,1317.0,1338.0,1314.61,1308.51,29078.68,2.61,0.2,1293.442,1276.966,1232.016,28190.63,29157.46,28098.5,0.23
2020-05-07,1299.4,1314.99,1312.0,1293.0,27934.74,12.0,0.92,1286.346,1265.505,1224.283,29307.28,29172.02,28818.96,0.22
2020-05-06,1251.0,1300.0,1300.0,1250.0,35834.81,34.3,2.71,1279.146,1257.035,1215.673,28901.11,28802.41,28803.11,0.29
2020-04-30,1271.0,1285.01,1265.7,1258.88,24660.87,-9.2,-0.72,1269.258,1249.635,1207.923,25558.63,29043.49,29271.65,0.2
2020-04-29,1277.8,1288.1,1274.9,1258.0,23444.06,-4.23,-0.33,1266.57,1242.775,1199.788,26006.16,28750.18,29698.87,0.19
2020-04-28,1285.31,1299.94,1279.13,1271.88,34661.9,3.13,0.24,1260.49,1234.245,1191.593,30124.29,29339.0,30925.89,0.28
2020-04-27,1257.0,1278.17,1276.0,1250.96,25903.91,25.44,2.03,1244.664,1224.842,1181.236,29036.75,29552.77,30727.16,0.21
2020-04-24,1248.0,1259.89,1250.56,1235.18,19122.4,-1.7,-0.14,1234.924,1213.472,1171.211,28703.7,28560.52,31245.02,0.15
2020-04-23,1250.0,1265.68,1252.26,1247.77,26898.51,7.76,0.62,1230.012,1204.916,1161.929,32528.36,29428.72,31791.33,0.21
2020-04-22,1206.0,1249.5,1244.5,1202.22,44034.73,44.5,3.71,1218.98,1195.54,1153.321,31494.2,29020.56,32298.84,0.35
2020-04-21,1221.02,1223.99,1200.0,1193.0,29224.22,-27.3,-2.22,1208.0,1187.066,1143.896,28553.72,27039.53,32429.65,0.23
2020-04-20,1221.0,1231.5,1227.3,1216.8,24238.64,1.3,0.11,1205.02,1183.061,1134.846,30068.78,28465.91,33392.04,0.19
2020-04-17,1210.0,1234.56,1226.0,1205.01,38245.69,28.9,2.41,1192.02,1174.31,1125.245,28417.35,28803.81,35187.07,0.3
2020-04-16,1192.97,1197.1,1197.1,1184.1,21727.74,7.5,0.63,1179.82,1166.21,1113.745,26329.08,29499.8,38388.04,0.17
2020-04-15,1192.0,1203.99,1189.6,1187.1,29332.29,4.5,0.38,1172.1,1156.8,1104.29,26546.92,30647.56,40974.65,0.23
2020-04-14,1176.0,1191.55,1185.1,1166.0,36799.55,22.8,1.96,1166.132,1148.94,1097.065,25525.35,32512.77,43475.99,0.29
2020-04-13,1165.0,1169.98,1162.3,1148.5,15981.47,-2.7,-0.23,1161.102,1137.63,1091.16,26863.04,31901.56,44197.64,0.13
2020-04-10,1157.88,1181.5,1165.0,1153.5,27804.34,6.5,0.56,1156.6,1128.95,1088.646,29190.27,33929.52,47192.83,0.22
2020-04-09,1166.0,1169.0,1158.5,1147.96,22816.97,-1.26,-0.11,1152.6,1118.942,1087.321,32670.52,34153.94,47634.14,0.18
2020-04-08,1152.0,1166.31,1159.76,1152.0,24224.42,-0.19,-0.02,1141.5,1111.102,1087.322,34748.2,35577.11,48270.67,0.19
2020-04-07,1161.95,1166.5,1159.95,1148.89,43488.0,20.16,1.77,1131.748,1100.726,1087.134,39500.19,37819.77,49962.6,0.35
2020-04-03,1139.03,1147.96,1139.79,1131.98,27617.61,-5.21,-0.46,1114.158,1086.631,1084.837,36940.07,38318.18,49958.4,0.22
2020-04-02,1104.0,1145.0,1145.0,1103.88,45205.61,42.0,3.81,1101.3,1076.18,1085.623,38668.77,41570.33,50109.57,0.36
2020-04-01,1117.0,1129.0,1103.0,1103.0,33205.35,-8.0,-0.72,1085.284,1061.28,1086.923,35637.36,47276.28,50970.62,0.26
2020-03-31,1082.0,1115.0,1111.0,1081.8,47984.37,39.0,3.64,1080.704,1051.779,1088.219,36406.02,51301.73,52000.0,0.38
2020-03-30,1060.25,1077.0,1072.0,1057.0,30687.41,-3.5,-0.33,1069.704,1045.189,1088.319,36139.34,54439.21,52113.29,0.24
2020-03-27,1085.0,1092.0,1075.5,1075.01,36261.12,10.58,0.99,1059.104,1044.689,1089.019,39696.28,56493.72,52962.07,0.29
2020-03-26,1073.33,1091.2,1064.92,1062.0,30048.56,-15.18,-1.41,1051.06,1048.342,1088.094,44471.89,60456.14,53646.34,0.24
2020-03-25,1087.98,1091.36,1080.1,1074.2,37048.66,24.1,2.28,1037.276,1055.7,1089.218,58915.2,61114.35,53868.83,0.29
2020-03-24,1043.0,1058.88,1056.0,1035.0,46650.96,37.0,3.63,1022.854,1063.542,1088.898,66197.44,60964.24,54194.44,0.37
2020-03-23,1000.0,1035.28,1019.0,991.52,48472.1,-16.28,-1.57,1020.674,1073.542,1089.838,72739.07,62105.43,53781.18,0.39
2020-03-20,1011.0,1043.0,1035.28,1011.0,60139.19,39.28,3.94,1030.274,1083.043,1093.247,73291.16,61598.63,53290.09,0.48
2020-03-19,993.99,1015.0,996.0,960.1,102265.07,-11.99,-1.19,1045.624,1095.065,1097.127,76440.38,58648.81,51730.13,0.81
2020-03-18,1040.0,1060.0,1007.99,1007.99,73459.88,-37.11,-3.55,1074.124,1112.565,1103.227,63313.5,54664.95,48957.01,0.58
2020-03-17,1055.0,1078.0,1045.1,1011.12,79359.12,-21.9,-2.05,1104.23,1124.658,1107.653,55731.03,52698.26,47136.59,0.63
2020-03-16,1103.98,1107.95,1067.0,1062.0,51232.54,-45.03,-4.05,1126.41,1131.448,1109.598,51471.8,49787.37,44501.88,0.41
2020-03-13,1090.0,1128.98,1112.03,1080.0,75885.31,-26.47,-2.33,1135.812,1133.349,1110.939,49906.11,49430.42,43291.67,0.6
2020-03-12,1141.22,1153.0,1138.5,1125.1,36630.63,-20.02,-1.73,1144.506,1127.846,1109.737,40857.24,46836.54,40661.78,0.29
2020-03-11,1155.5,1169.58,1158.52,1141.0,35547.57,2.52,0.22,1151.006,1122.735,1107.362,46016.41,46623.31,40348.12,0.28
2020-03-10,1113.0,1168.0,1156.0,1113.0,58062.93,41.99,3.77,1145.086,1114.253,1104.3,49665.49,47424.65,39977.01,0.46
2020-03-09,1135.0,1135.0,1114.01,1111.31,43404.09,-41.49,-3.59,1136.486,1106.134,1101.4,48102.94,45456.92,39469.76,0.35
2020-03-06,1163.0,1176.0,1155.5,1151.98,30641.0,-15.5,-1.32,1130.886,1103.451,1099.024,48954.73,44981.54,38826.23,0.24
2020-03-05,1136.31,1174.99,1171.0,1130.56,62426.45,42.08,3.73,1111.186,1099.189,1095.049,52815.84,44811.45,38858.11,0.5
2020-03-04,1125.0,1139.0,1128.92,1116.24,53792.99,15.92,1.43,1094.464,1093.889,1090.049,47230.21,43249.07,38095.35,0.43
2020-03-03,1098.0,1118.88,1113.0,1098.0,50250.15,26.99,2.48,1083.42,1090.647,1086.102,45183.8,41574.92,37776.61,0.4
2020-03-02,1050.11,1096.55,1086.01,1050.01,47663.04,29.01,2.75,1075.782,1087.747,1082.353,42810.9,39216.4,38395.31,0.38
2020-02-28,1070.3,1082.0,1057.0,1049.97,49946.57,-30.39,-2.79,1076.016,1088.528,1078.248,41008.36,37152.92,42184.31,0.4
2020-02-27,1076.0,1094.99,1087.39,1076.0,34498.29,13.69,1.27,1087.192,1091.628,1078.038,36807.06,34487.02,42360.4,0.27
2020-02-26,1062.0,1084.0,1073.7,1055.0,43560.97,-1.11,-0.1,1093.314,1091.989,1077.444,39267.93,34072.93,42445.49,0.35
2020-02-25,1078.0,1082.09,1074.81,1067.88,38385.62,-12.37,-1.14,1097.874,1094.346,1077.524,37966.03,32529.37,41911.14,0.31
2020-02-24,1105.5,1110.0,1087.18,1085.5,38650.36,-25.7,-2.31,1099.712,1096.665,1078.334,35621.9,33482.6,41761.42,0.31
2020-02-21,1111.46,1123.54,1112.88,1110.01,28940.08,-5.12,-0.46,1101.04,1094.596,1079.35,33297.47,32670.91,41002.54,0.23
2020-02-20,1096.7,1124.0,1118.0,1095.41,46802.62,21.5,1.96,1096.064,1090.908,1079.056,32166.97,32904.77,40715.12,0.37
2020-02-19,1085.0,1101.5,1096.5,1078.0,37051.47,12.5,1.15,1090.664,1086.208,1078.762,28877.92,32941.63,39676.45,0.29
2020-02-18,1090.01,1096.88,1084.0,1083.0,26664.96,-9.82,-0.9,1090.818,1081.557,1079.307,27092.71,33978.31,39581.11,0.21
2020-02-17,1082.5,1096.19,1093.82,1082.4,27028.22,5.82,0.54,1093.618,1076.958,1081.321,31343.31,37574.23,40173.65,0.22
2020-02-14,1090.45,1093.51,1088.0,1083.11,23287.6,-3.0,-0.28,1088.152,1067.968,1082.255,32044.35,47215.7,40621.03,0.19
2020-02-13,1098.0,1113.89,1091.0,1088.01,30357.36,-6.27,-0.57,1085.752,1064.448,1082.99,33642.57,50233.78,41326.94,0.24
2020-02-12,1089.0,1098.79,1097.27,1085.88,28125.43,-0.73,-0.07,1081.752,1062.899,1082.847,37005.34,50818.05,41059.49,0.22
2020-02-11,1063.0,1099.68,1098.0,1062.8,47917.93,31.51,2.96,1072.296,1060.702,1082.71,40863.9,51292.91,42045.89,0.38
2020-02-10,1062.0,1074.6,1066.49,1057.2,30533.42,-9.51,-0.88,1060.298,1060.002,1081.709,43805.15,50040.25,42820.74,0.24
2020-02-07,1070.01,1077.0,1076.0,1061.02,31278.71,5.0,0.47,1047.784,1064.103,1082.313,62387.04,49334.18,47810.0,0.25
2020-02-06,1059.43,1075.0,1071.0,1052.02,47171.21,21.01,2.0,1043.144,1067.203,1085.013,66824.99,48525.47,53651.03,0.38
2020-02-05,1050.0,1054.0,1049.99,1033.03,47418.24,11.98,1.15,1044.046,1071.316,1090.613,64630.75,46411.26,52421.91,0.38
2020-02-04,1015.0,1057.0,1038.01,1011.01,62624.18,34.09,3.4,1049.108,1077.057,1097.403,61721.92,45183.9,52089.03,0.5
2020-02-03,985.0,1010.68,1003.92,980.0,123442.88,-48.88,-4.64,1059.706,1085.683,1103.653,56275.34,42773.06,51311.13,0.98
2020-01-23,1076.0,1076.0,1052.8,1037.0,53468.43,-22.71,-2.11,1080.422,1096.541,1110.212,36281.31,34026.36,46282.85,0.43
2020-01-22,1070.0,1084.0,1075.51,1055.38,36200.04,0.21,0.02,1091.262,1101.531,1114.257,30225.96,32420.1,44824.73,0.29
2020-01-21,1081.0,1087.0,1075.3,1072.3,32874.05,-15.7,-1.44,1098.586,1102.794,1117.881,28191.77,31300.93,43605.88,0.26
2020-01-20,1111.86,1111.86,1091.0,1082.0,35391.3,-16.5,-1.49,1105.006,1104.717,1121.581,28645.89,32798.88,43258.14,0.28
2020-01-17,1110.0,1112.78,1107.5,1101.01,23472.75,0.5,0.04,1111.66,1103.416,1124.346,29270.78,35601.23,42666.77,0.19
2020-01-16,1118.87,1118.87,1107.0,1102.58,23191.65,-5.13,-0.46,1112.66,1100.522,1126.841,31771.41,46285.83,42470.74,0.18
2020-01-15,1109.01,1121.6,1112.13,1105.0,26029.11,4.73,0.43,1111.8,1102.822,1129.891,34614.25,58776.58,42293.17,0.21
2020-01-14,1124.2,1124.89,1107.4,1103.0,35144.65,-16.87,-1.5,1107.002,1109.909,1132.784,34410.08,58432.55,43122.56,0.28
2020-01-13,1112.5,1129.2,1124.27,1112.0,38515.75,11.77,1.06,1104.428,1117.749,1134.81,36951.87,58994.15,42912.15,0.31
2020-01-10,1109.0,1115.99,1112.5,1102.5,35975.87,9.8,0.89,1095.172,1121.622,1136.746,41931.67,59849.21,42486.39,0.29
2020-01-09,1094.0,1105.39,1102.7,1090.0,37405.87,14.56,1.34,1088.384,1123.882,1137.971,60800.25,58539.35,42158.05,0.3
2020-01-08,1085.05,1095.5,1088.14,1082.58,25008.25,-6.39,-0.58,1093.844,1126.982,1140.785,82938.91,57229.36,41016.16,0.2
2020-01-07,1077.5,1099.0,1094.53,1076.4,47853.59,16.54,1.53,1112.816,1132.968,1144.598,82455.02,55910.84,40520.08,0.38
2020-01-06,1070.86,1092.9,1077.99,1067.3,63414.78,-0.57,-0.05,1131.07,1138.445,1147.807,81036.44,53717.4,39218.6,0.5
2020-01-03,1117.0,1117.0,1078.56,1076.9,130318.78,-51.44,-4.55,1148.072,1145.276,1152.407,77766.74,49732.31,38023.18,1.04
2020-01-02,1128.0,1145.06,1130.0,1116.0,148099.16,-53.0,-4.48,1159.38,1153.16,1154.969,56278.44,38655.66,32574.18,1.18
2019-12-31,1183.0,1188.0,1183.0,1176.51,22588.81,-2.8,-0.24,1160.12,1156.96,1154.586,31519.8,25809.75,26933.37,0.18
2019-12-30,1170.2,1195.5,1185.8,1170.2,40760.66,22.8,1.96,1153.12,1155.658,1151.336,29366.66,27812.57,27170.98,0.32
2019-12-27,1150.0,1172.0,1163.0,1150.0,47066.28,27.9,2.46,1145.82,1151.87,1148.696,26398.36,26830.14,26672.17,0.37
2019-12-26,1132.0,1141.98,1135.1,1119.99,22877.27,1.4,0.12,1142.48,1151.87,1146.996,21697.87,25123.57,28438.72,0.18
2019-12-25,1143.0,1143.0,1133.7,1130.01,24305.97,-14.3,-1.25,1146.94,1152.06,1149.031,21032.88,25776.76,28737.1,0.19
2019-12-24,1153.0,1155.0,1148.0,1145.0,11823.1,-1.3,-0.11,1153.8,1154.588,1151.843,20099.7,24802.96,28514.25,0.09
2019-12-23,1139.0,1162.5,1149.3,1136.0,25919.18,3.0,0.26,1158.196,1156.228,1153.693,26258.47,25129.31,29935.07,0.21
2019-12-20,1162.18,1162.18,1146.3,1141.5,23563.84,-11.1,-0.96,1157.92,1157.168,1155.331,27261.92,24719.81,30553.2,0.19
2019-12-19,1163.0,1163.0,1157.4,1152.0,19552.3,-10.6,-0.91,1161.26,1159.538,1157.716,28549.27,26314.05,31727.72,0.16
2019-12-18,1174.0,1175.2,1168.0,1164.0,19640.09,-1.98,-0.17,1157.18,1156.778,1161.411,30520.64,26492.7,31709.48,0.16
2019-12-17,1149.7,1173.6,1169.98,1143.03,42616.96,22.06,1.92,1155.376,1152.211,1164.699,29506.22,28057.0,31491.5,0.34
2019-12-16,1163.0,1163.0,1147.92,1137.94,30936.42,-15.08,-1.3,1154.26,1147.013,1167.816,24000.15,26529.39,30391.84,0.25
2019-12-13,1146.0,1165.0,1163.0,1146.0,30000.59,26.0,2.29,1156.416,1145.521,1171.784,22177.69,26514.19,29746.9,0.24
2019-12-12,1156.0,1159.94,1137.0,1130.08,29409.16,-21.98,-1.9,1157.816,1142.121,1174.879,24078.82,31753.86,29063.91,0.23
2019-12-11,1168.0,1170.75,1158.98,1155.55,14567.99,-5.42,-0.47,1156.376,1146.001,1179.529,22464.75,31697.45,28769.5,0.12
2019-12-10,1159.6,1165.0,1164.4,1151.0,15086.58,5.7,0.49,1149.046,1149.098,1182.78,26607.77,32225.53,29639.96,0.12
2019-12-09,1175.0,1176.0,1158.7,1156.1,21824.12,-11.3,-0.97,1139.766,1151.158,1184.64,29058.64,34740.83,29843.16,0.17
2019-12-06,1135.97,1170.0,1170.0,1130.1,39506.26,40.2,3.56,1134.626,1153.494,1186.655,30850.69,36386.6,29619.07,0.31
2019-12-05,1125.0,1132.01,1129.8,1118.0,21338.79,7.47,0.67,1126.426,1155.894,1188.405,39428.91,37141.4,28869.37,0.17
2019-12-04,1140.0,1144.66,1122.33,1118.0,35283.08,4.33,0.39,1135.626,1166.044,1191.983,40930.15,36926.26,28610.82,0.28
2019-12-03,1133.0,1133.0,1118.0,1117.74,27340.93,-15.0,-1.32,1149.15,1177.186,1195.517,37843.29,34926.0,27833.54,0.22
2019-12-02,1118.2,1140.02,1133.0,1118.2,30784.41,4.0,0.35,1162.55,1188.618,1199.567,40423.03,34254.28,27579.23,0.25
2019-11-29,1165.5,1165.5,1129.0,1112.89,82397.32,-46.8,-3.98,1172.362,1198.046,1202.896,41922.5,32979.61,27376.91,0.66
2019-11-28,1194.97,1197.51,1175.8,1169.02,28844.99,-14.15,-1.19,1185.362,1207.636,1205.696,34853.89,26373.95,24397.64,0.23
2019-11-27,1192.8,1196.62,1189.95,1184.51,19848.81,4.95,0.42,1196.462,1213.056,1205.907,32922.37,25841.56,24250.86,0.16
2019-11-26,1186.68,1198.6,1185.0,1183.0,40239.61,2.94,0.25,1205.222,1216.461,1205.599,32008.71,27054.39,24321.15,0.32
2019-11-25,1188.05,1194.0,1182.06,1172.06,38281.75,-11.94,-1.0,1214.686,1218.121,1205.999,28085.54,24945.48,23699.36,0.3
2019-11-22,1223.0,1229.0,1194.0,1185.0,47054.28,-37.3,-3.03,1223.73,1219.815,1205.811,24036.72,22851.55,22909.57,0.37
2019-11-21,1231.0,1235.51,1231.3,1221.06,19187.39,-2.45,-0.2,1229.91,1220.915,1204.678,17894.01,20597.33,21856.78,0.15
2019-11-20,1230.0,1239.51,1233.75,1228.06,15280.53,1.43,0.12,1229.65,1217.922,1200.627,18760.76,20295.38,22206.33,0.12
2019-11-19,1228.0,1241.61,1232.32,1225.02,20623.75,5.04,0.41,1227.7,1213.847,1196.885,22100.06,20741.08,22596.31,0.16
2019-11-18,1225.12,1229.45,1227.28,1218.0,18037.66,2.38,0.19,1221.556,1210.515,1193.809,21805.42,20904.18,22530.6,0.14
2019-11-15,1230.0,1232.91,1224.9,1221.5,16340.72,-5.1,-0.41,1215.9,1207.746,1190.87,21666.38,21774.21,22892.45,0.13
2019-11-14,1227.0,1240.0,1230.0,1222.0,23521.12,6.0,0.49,1211.92,1203.756,1188.414,23300.66,22421.33,23489.99,0.19
2019-11-13,1207.0,1227.8,1224.0,1200.0,31977.04,22.4,1.86,1206.194,1198.757,1186.081,21830.01,22660.15,23839.37,0.25
2019-11-12,1204.0,1209.6,1201.6,1198.21,19150.55,2.6,0.22,1199.994,1194.737,1183.381,19382.1,21587.92,25198.05,0.15
2019-11-11,1201.5,1206.2,1199.0,1193.51,17342.46,-6.0,-0.5,1199.474,1193.877,1183.851,20002.94,22453.24,26242.26,0.14
2019-11-08,1205.0,1215.65,1205.0,1201.51,24512.11,3.63,0.3,1199.592,1191.806,1182.901,21882.04,22967.59,26734.51,0.2
2019-11-07,1196.51,1201.88,1201.37,1189.0,16167.88,8.37,0.7,1195.592,1188.441,1181.381,21542.01,23116.22,26943.37,0.13
2019-11-06,1197.0,1204.0,1193.0,1188.88,19737.51,-6.0,-0.5,1191.32,1183.331,1179.062,23490.29,24117.28,28193.66,0.16
2019-11-05,1199.5,1205.0,1199.0,1192.0,22254.72,-0.59,-0.05,1189.48,1179.922,1176.753,23793.74,24451.55,28996.21,0.18
2019-11-04,1190.0,1209.99,1199.59,1189.0,26737.98,14.59,1.23,1188.28,1177.102,1175.158,24903.53,24157.02,29435.74,0.21
2019-11-01,1181.0,1191.95,1185.0,1172.5,22811.96,4.99,0.42,1184.02,1173.993,1172.678,24053.14,24010.69,29640.1,0.18
2019-10-31,1196.0,1198.0,1180.01,1176.15,25909.27,-3.79,-0.32,1181.29,1173.072,1172.166,24690.43,24558.65,29640.83,0.21
2019-10-30,1190.0,1192.7,1183.8,1176.0,21254.75,-9.2,-0.77,1175.342,1173.404,1171.515,24744.27,25018.6,29649.46,0.17
2019-10-29,1181.11,1199.96,1193.0,1177.77,27803.71,14.71,1.25,1170.364,1172.024,1171.025,25109.36,28808.18,29787.96,0.22
2019-10-28,1166.01,1181.01,1178.29,1165.0,22485.99,6.94,0.59,1165.924,1173.824,1170.575,23410.5,30031.28,30211.23,0.18
2019-10-25,1153.3,1172.5,1171.35,1143.03,25998.45,21.08,1.83,1163.966,1173.995,1169.111,23968.24,30501.43,30588.24,0.21
2019-10-24,1164.95,1166.0,1150.27,1147.16,26178.44,-8.64,-0.75,1164.854,1174.32,1168.414,24426.87,30770.51,31169.65,0.21
2019-10-23,1168.0,1178.0,1158.91,1156.11,23080.21,-11.89,-1.02,1171.466,1174.793,1168.151,25292.92,32270.04,31084.72,0.18
2019-10-22,1178.0,1181.5,1170.8,1163.89,19309.43,2.3,0.2,1173.684,1173.583,1167.65,32507.0,33540.88,33396.43,0.15
2019-10-21,1171.86,1178.9,1168.5,1163.3,25274.67,-7.29,-0.62,1181.724,1173.213,1163.811,36652.06,34714.46,33690.81,0.2
2019-10-18,1179.0,1189.99,1175.79,1171.69,28291.61,-7.54,-0.64,1184.024,1171.363,1160.336,37034.63,35269.51,33995.67,0.23
2019-10-17,1176.0,1186.66,1183.33,1162.5,30508.7,13.33,1.14,1183.786,1171.259,1156.496,37114.16,34723.01,34641.65,0.24
2019-10-16,1168.0,1187.5,1170.0,1160.0,59150.59,-41.0,-3.39,1178.12,1169.626,1150.806,39247.16,34280.33,37202.04,0.47
2019-10-15,1180.0,1215.68,1211.0,1177.03,40034.73,31.0,2.63,1173.482,1170.026,1148.498,34574.75,30767.73,35555.87,0.32
2019-10-14,1186.0,1187.66,1180.0,1170.0,27187.51,5.4,0.46,1164.702,1167.326,1144.774,32776.86,30391.17,35023.1,0.22
2019-10-11,1157.0,1175.0,1174.6,1152.21,28689.25,19.6,1.7,1158.702,1164.226,1142.899,33504.39,30675.05,34972.55,0.23
2019-10-10,1127.0,1158.93,1155.0,1109.02,41173.7,8.19,0.71,1158.732,1162.508,1141.369,32331.86,31568.79,35184.63,0.33
2019-10-09,1166.2,1166.2,1146.81,1135.05,35788.57,-20.29,-1.74,1161.132,1161.508,1139.869,29313.51,29899.4,34805.96,0.28
2019-10-08,1153.0,1180.0,1167.1,1152.01,31045.27,17.1,1.49,1166.57,1161.717,1139.529,26960.71,33251.99,34490.78,0.25
2019-09-30,1163.0,1169.43,1150.0,1150.0,30825.14,-24.75,-2.11,1169.95,1154.408,1138.112,28005.48,32667.16,34350.24,0.25
2019-09-27,1164.0,1183.0,1174.75,1153.0,22826.61,7.75,0.66,1169.75,1149.308,1137.712,27845.72,32721.83,35053.52,0.18
2019-09-26,1174.94,1183.35,1167.0,1158.81,26081.94,-7.0,-0.6,1166.284,1141.733,1134.629,30805.73,34560.3,35378.71,0.21
2019-09-25,1180.0,1188.87,1174.0,1170.5,24024.58,-10.0,-0.84,1161.884,1131.985,1131.285,30485.3,40123.76,36425.1,0.19
2019-09-24,1155.0,1184.9,1184.0,1152.0,36269.13,35.0,3.05,1156.864,1126.97,1128.035,39543.28,40344.01,37832.08,0.29
2019-09-23,1157.0,1157.0,1149.0,1131.0,30026.33,-8.42,-0.73,1138.866,1122.222,1123.982,37328.84,39655.03,38443.52,0.24
2019-09-20,1151.0,1160.0,1157.42,1147.59,37626.66,12.42,1.08,1128.866,1121.571,1123.037,37597.93,39270.05,38951.81,0.3
2019-09-19,1148.0,1150.0,1145.0,1137.1,24479.8,-3.9,-0.34,1117.182,1120.229,1120.366,38314.87,38800.47,38950.02,0.19
2019-09-18,1108.5,1150.0,1148.9,1108.18,69314.47,54.89,5.02,1102.086,1118.23,1116.416,49762.21,39712.51,38979.36,0.55
2019-09-17,1094.0,1106.66,1094.01,1087.0,25196.93,-4.99,-0.45,1097.076,1117.34,1112.471,41144.73,35729.58,36943.74,0.2
2019-09-16,1083.0,1103.95,1099.0,1083.0,31371.8,0.0,0.0,1105.578,1121.815,1110.565,41981.22,36033.32,37327.28,0.25
2019-09-12,1066.0,1109.98,1099.0,1066.0,41211.33,29.48,2.76,1114.276,1126.115,1108.345,40942.17,37385.21,37563.02,0.33
2019-09-11,1119.22,1119.97,1069.52,1068.0,81716.54,-54.33,-4.83,1123.276,1127.525,1105.64,39286.08,36197.12,36864.33,0.65
2019-09-10,1134.3,1135.0,1123.85,1120.01,26227.07,-12.67,-1.11,1134.374,1130.584,1104.33,29662.81,32726.43,34849.05,0.21
2019-09-09,1145.0,1148.0,1136.52,1135.0,29379.34,-5.97,-0.52,1137.604,1129.099,1099.035,30314.42,35320.15,35054.18,0.23
2019-09-06,1144.5,1146.15,1142.49,1131.0,26176.59,-1.51,-0.13,1138.052,1125.742,1093.141,30085.41,37232.0,37660.16,0.21
2019-09-05,1129.0,1144.9,1144.0,1128.0,32930.84,18.99,1.69,1137.954,1124.503,1084.118,33828.25,38633.57,37774.41,0.26
2019-09-04,1140.8,1142.91,1125.01,1120.11,33600.22,-14.99,-1.31,1131.774,1120.503,1075.502,33108.17,39099.57,38068.28,0.27
2019-09-03,1140.0,1151.02,1140.0,1128.56,29485.09,1.24,0.11,1126.794,1114.602,1066.501,35790.06,38246.21,37731.77,0.23
2019-09-02,1139.99,1144.98,1138.76,1129.0,28234.33,-3.24,-0.28,1120.594,1107.602,1056.816,40325.88,38157.91,38457.07,0.22
2019-08-30,1125.0,1146.0,1142.0,1123.0,44890.77,28.9,2.6,1113.432,1099.314,1047.0,44378.59,38621.24,38884.07,0.36
2019-08-29,1105.0,1118.18,1113.1,1092.5,29330.42,12.99,1.18,1111.052,1090.574,1037.622,43438.9,37740.83,38625.5,0.23
2019-08-28,1109.0,1123.19,1100.11,1083.01,47009.67,-8.89,-0.8,1109.232,1083.754,1029.932,45090.97,37531.53,38913.46,0.37
2019-08-27,1117.0,1131.31,1109.0,1109.0,52164.21,6.05,0.55,1102.41,1078.076,1023.557,40702.36,36971.66,37689.28,0.42
2019-08-26,1113.0,1128.0,1102.95,1096.68,48497.89,-27.15,-2.4,1094.61,1068.971,1017.053,35989.94,34788.21,36057.97,0.39
2019-08-23,1105.0,1133.56,1130.1,1095.62,40192.3,26.1,2.36,1085.196,1060.539,1010.726,32863.88,38088.31,34982.14,0.32
2019-08-22,1072.99,1104.0,1104.0,1070.0,37590.78,38.0,3.56,1070.096,1043.732,1002.473,32042.77,36915.25,34295.91,0.3
2019-08-21,1070.1,1076.97,1066.0,1061.66,25066.62,-4.0,-0.37,1058.276,1030.5,995.423,29972.09,37036.99,34329.15,0.2
2019-08-20,1055.0,1073.68,1070.0,1050.0,28602.13,14.12,1.34,1053.742,1018.4,989.441,33240.96,37217.32,35414.38,0.23
2019-08-19,1061.0,1069.98,1055.88,1049.05,32867.58,1.28,0.12,1043.332,1006.03,983.64,33586.47,38756.23,35608.47,0.26
2019-08-16,1049.84,1075.58,1054.6,1041.0,36086.73,9.7,0.93,1035.882,994.685,978.697,43312.74,39146.9,35371.37,0.29
2019-08-15,1028.0,1046.48,1044.9,1028.0,27237.39,1.57,0.15,1017.368,984.67,973.76,41787.74,39510.17,34967.77,0.22
2019-08-14,1030.02,1051.9,1043.33,1030.02,41410.95,25.38,2.49,1002.724,976.11,968.89,44101.89,40295.38,35568.55,0.33
2019-08-13,1016.16,1026.0,1017.95,1010.68,30329.7,-0.68,-0.07,983.058,969.037,964.899,41193.69,38406.91,34771.45,0.24
2019-08-12,1010.31,1020.1,1018.63,995.01,81498.95,56.6,5.88,968.728,965.135,962.401,43925.98,37327.73,34917.22,0.65
2019-08-09,978.5,980.95,962.03,958.99,28461.7,-9.65,-0.99,953.488,960.913,960.266,34981.06,31875.97,33835.8,0.23
2019-08-08,953.5,974.0,971.68,952.0,38808.13,26.68,2.82,951.972,961.213,961.469,37232.6,31676.56,33821.4,0.31
2019-08-07,949.5,955.53,945.0,945.0,26869.98,-1.3,-0.14,949.496,960.345,961.96,36488.87,31621.32,33406.71,0.21
2019-08-06,931.0,948.0,946.3,923.8,43991.16,3.87,0.41,955.016,960.481,963.836,35620.12,33611.44,33471.54,0.35
2019-08-05,945.0,954.0,942.43,940.0,36774.31,-12.02,-1.26,961.542,961.249,965.324,30729.48,32460.72,32858.15,0.29
2019-08-02,944.0,957.98,954.45,943.0,39719.4,-4.85,-0.51,968.338,962.708,967.446,28770.88,31595.84,32700.11,0.32
2019-08-01,976.51,977.0,959.3,953.02,35089.52,-13.3,-1.37,970.454,962.85,969.714,26120.52,30425.38,33215.78,0.28
2019-07-31,975.0,981.77,972.6,966.59,22526.2,-6.33,-0.65,971.194,961.67,970.809,26753.76,30841.72,33772.13,0.18
2019-07-30,976.5,983.0,978.93,971.0,19537.97,2.52,0.26,965.946,960.76,971.574,31602.76,31135.99,36002.79,0.16
2019-07-29,962.03,979.5,976.41,960.01,26981.33,11.38,1.18,960.956,959.667,973.878,34191.95,32506.71,36978.95,0.21
2019-07-26,961.97,971.0,965.03,958.55,26467.59,2.03,0.21,957.078,959.619,976.65,34420.79,35795.62,38246.74,0.21
2019-07-25,945.97,963.36,963.0,938.15,38255.7,16.64,1.76,955.246,961.725,977.599,34730.23,35966.25,38477.78,0.3
2019-07-24,958.31,959.9,946.36,944.69,46771.2,-7.62,-0.8,952.146,963.575,979.266,34929.68,35192.1,38963.92,0.37
2019-07-23,962.3,962.59,953.98,943.86,32483.95,-3.04,-0.32,955.574,967.191,980.941,30669.21,33331.65,38104.77,0.26
2019-07-22,960.0,964.0,957.02,950.25,28125.49,1.15,0.12,958.378,969.399,982.391,30821.47,33255.58,39045.37,0.22
2019-07-19,955.0,960.8,955.87,948.0,28014.81,8.37,0.88,962.16,972.183,983.895,37170.45,33804.39,39928.05,0.22
2019-07-18,961.5,963.0,947.5,947.18,39252.95,-16.0,-1.66,968.204,976.578,984.917,37202.26,36006.18,40823.65,0.31
2019-07-17,968.0,972.99,963.5,962.13,25468.87,-4.5,-0.47,975.004,979.948,986.292,35454.51,36702.55,42224.6,0.2
2019-07-16,975.45,982.3,968.0,965.0,33245.24,-7.93,-0.81,978.808,982.388,984.717,35994.08,40869.59,43637.48,0.26
2019-07-15,967.8,980.1,975.93,951.13,59870.4,-10.16,-1.03,980.42,988.088,982.167,35689.69,41451.18,43447.28,0.48
2019-07-12,981.3,991.5,986.09,980.01,28173.85,4.59,0.47,982.206,993.681,978.951,30438.32,40697.86,42092.22,0.22
2019-07-11,989.96,998.38,981.5,976.0,30514.19,-1.02,-0.1,984.952,993.472,975.296,34810.09,40989.32,42806.28,0.24
2019-07-10,980.93,990.58,982.52,977.0,28166.7,6.46,0.66,984.892,994.957,971.721,37950.59,42735.74,42926.44,0.22
2019-07-09,979.3,989.0,976.06,968.35,31723.32,-8.8,-0.89,985.968,994.691,967.93,45745.11,42877.89,43405.47,0.25
2019-07-08,995.05,997.9,984.86,975.0,33613.52,-14.96,-1.5,995.756,995.383,964.672,47212.66,44835.15,45824.63,0.27
2019-07-05,986.0,1006.0,999.82,976.3,50032.71,18.62,1.9,1005.156,995.607,958.983,50957.41,46051.72,46919.08,0.4
2019-07-04,985.8,990.8,981.2,971.22,46216.68,-6.7,-0.68,1001.992,993.255,952.098,47168.54,45641.13,46156.78,0.37
2019-07-03,1020.0,1023.0,987.9,981.5,67139.32,-37.1,-3.62,1005.022,992.635,946.618,47520.9,47746.65,45549.32,0.53
2019-07-02,1025.0,1029.5,1025.0,1016.0,39061.09,-6.86,-0.67,1003.414,987.046,944.445,40010.67,46405.36,44413.0,0.31
2019-07-01,1004.52,1035.6,1031.86,1000.22,52337.23,47.86,4.86,995.01,976.246,939.97,42457.64,45443.39,44710.33,0.42
2019-06-28,985.99,988.88,984.0,971.33,31088.4,2.19,0.22,986.058,964.22,934.565,41146.04,43486.57,44261.69,0.25
2019-06-27,985.0,1001.0,996.35,981.12,47978.45,16.49,1.68,984.518,957.12,931.475,44113.71,44623.24,45085.02,0.38
2019-06-26,985.0,985.0,979.86,971.22,29588.18,-3.12,-0.32,980.248,948.485,927.15,47972.41,43117.13,44892.12,0.24
2019-06-25,992.0,999.0,982.98,967.0,51295.95,-4.12,-0.42,970.678,941.169,923.385,52800.05,43933.05,45985.26,0.41
2019-06-24,978.3,999.69,987.1,975.0,45779.2,10.8,1.11,957.482,933.96,918.801,48429.14,46814.1,45576.75,0.36
2019-06-21,969.97,984.49,976.3,964.5,45926.75,1.3,0.13,942.382,922.358,913.109,45827.11,47786.43,45559.88,0.37
2019-06-20,932.5,975.5,975.0,932.2,67271.97,42.99,4.61,929.722,910.941,907.365,45132.76,46672.44,45526.52,0.54
2019-06-19,940.0,946.7,932.01,932.01,53726.4,15.01,1.64,916.722,900.601,900.601,38261.85,43351.98,43351.98,0.43
2019-06-18,917.0,920.0,917.0,902.6,29441.38,5.4,0.59,911.66,897.111,897.111,35066.05,42199.26,42199.26,0.23
2019-06-17,907.0,926.94,911.6,906.02,32769.03,-1.4,-0.15,910.438,894.625,894.625,45199.07,43794.0,43794.0,0.26
2019-06-14,911.0,932.3,913.0,910.02,42455.04,3.0,0.33,902.334,892.2,892.2,49745.75,45369.0,45369.0,0.34
2019-06-13,910.0,912.3,910.0,897.0,32917.42,3.3,0.36,892.16,888.733,888.733,48212.11,45854.66,45854.66,0.26
2019-06-12,906.22,910.99,906.7,894.0,37747.4,-4.19,-0.46,884.48,884.48,884.48,48442.1,48442.1,48442.1,0.3
2019-06-11,876.0,915.61,910.89,875.0,80106.44,39.81,4.57,878.925,878.925,878.925,51115.78,51115.78,51115.78,0.64
2019-06-10,857.98,878.95,871.08,840.0,55502.46,8.95,1.04,868.27,868.27,868.27,41452.22,41452.22,41452.22,0.44
2019-06-06,875.62,875.77,862.13,858.0,34786.85,-9.47,-1.09,866.865,866.865,866.865,34427.11,34427.11,34427.11,0.28
2019-06-05,884.0,886.26,871.6,870.0,34067.36,-3.7,-0.42,871.6,871.6,871.6,34067.36,34067.36,34067.36,0.27
